sample_id,Anaerostipes,Bacteroides,Bifidobacterium,Blautia,Clostridium,Collinsella,Coprococcus,Desulfovibrio,Dorea,Eggerthella,Eubacterium,Faecalibacterium,Parabacteroides,Prevotella,Roseburia
P06A01_006,0.0002,2.8571428571428574e-05,0.0,0.0,0.0,0.0,0.9465,0.0,0.0,0.0,0.0,0.0016,0.05,0.0007,0.0
P06A03_006,0.5548,0.0002,0.0,0.0,0.0,0.0,0.4394,0.0006,0.0,0.0,0.0,0.0,0.0,0.0006,0.0002
P06A06_006,0.0002,0.0002,0.0,0.0,0.0002,0.0,0.3169,0.0002,0.3392,0.0002,0.0002,0.0,0.0,0.0009,0.0
P06A08_006,0.9222,0.00014285714285714287,0.0,0.0,0.0001,0.0,0.0008,0.0004,0.0,0.0,0.0619,0.0122,0.0,0.0,0.0
P06A09_006,0.5454,5.714285714285715e-05,0.0,0.0,0.0,0.0,0.4512,0.0,0.0,0.0,0.0,0.001,0.0,0.0,0.0
P06A12_006,0.0002,0.14241428571428572,6.666666666666667e-05,0.0,0.0002,0.0,0.0006,0.0,0.0,0.0,0.0004,0.0,0.0,0.0,0.0
P06B01_006,0.0,2.8571428571428574e-05,0.0,0.0,0.0,0.0,0.9337,0.0002,0.0002,0.0,0.0002,0.0002,0.0637,0.0011,0.0
P06B03_006,0.5723,8.571428571428573e-05,0.0,0.0,0.0,0.0,0.4239,0.0003,0.0001,0.0,0.0002,0.0,0.0,0.0005,0.0002
P06B05_006,0.0002,7.142857142857143e-05,0.0,0.0,0.0,0.0,0.811,0.1859,0.00025,0.0,0.0003,0.0,0.0,0.0008,0.0
P06B06_006,0.0006,0.0001142857142857143,0.0,0.0,0.0,0.0,0.2248,0.0,0.38565,0.0,0.0004,0.0,0.0004,0.0002,0.0
P06B08_006,0.0002,8.571428571428573e-05,0.0,0.0,0.0002,0.0,0.9749,0.0004,0.0001,0.0,0.0198,0.0008,0.0,0.0,0.0
P06B09_006,0.4877,0.00014285714285714287,0.0,0.0,0.0001,0.0,0.5055,0.0002,0.0001,0.0,0.0006,0.0031,0.0,0.0004,0.0
P06B11_006,0.0345,0.0016428571428571427,0.003833333333333333,0.0,0.0,0.0,0.046,0.0115,0.0,0.0,0.0115,0.8046,0.0,0.0,0.0
P06B12_006,0.0002,0.00017142857142857145,0.0,0.0002,0.0002,0.0,0.0002,0.0002,0.49825,0.0002,0.0004,0.0,0.0,0.0,0.0
P06C01_006,0.0,0.00014285714285714287,0.0,0.0,0.0,0.0,0.9384,0.0002,0.0,0.0002,0.0004,0.0008,0.0576,0.0006,0.0002
P06C03_006,0.553,2.8571428571428574e-05,0.0,0.0,0.0,0.0,0.4228,0.0003,0.0,0.0,0.0001,0.0,0.0225,0.0007,0.0
P06C05_006,0.0,8.571428571428573e-05,0.0,0.0,0.0,0.0,0.823,0.1741,0.0001,0.0,0.0,0.0,0.0,0.0012,0.0
P06C06_006,0.5395,8.571428571428573e-05,0.0,0.0,0.0,0.0002,0.4564,0.0002,0.0002,0.0,0.0004,0.0,0.0,0.0011,0.0
P06C08_006,0.0009,5.714285714285715e-05,0.0,0.0,0.0001,0.0,0.9666,0.0002,0.00035,0.0,0.0285,0.0011,0.0002,0.0,0.0
P06C12_006,0.0002,0.1424142857142857,0.0,0.0,0.0,0.0,0.0004,0.0002,0.0,0.0004,0.0002,0.0,0.0002,0.0,0.0
P06D01_006,0.0002,0.00017142857142857145,0.0007999999999999999,0.0,0.0,0.0,0.9947,0.0002,0.0,0.0,0.0,0.0008,0.0002,0.0002,0.0
P06D03_006,0.5389,0.0001,0.0,0.0,0.0,0.0,0.4354,0.0005,5e-05,0.0,0.0001,0.0,0.0225,0.0005,0.0
P06D05_006,0.0003,0.00015714285714285713,0.0,0.0,0.00015,0.0,0.8098,0.1839,5e-05,0.0,0.0001,0.0,0.0001,0.0016,0.0
P06D06_006,0.5494,8.571428571428573e-05,0.0,0.0,0.0,0.0003,0.4477,0.0001,0.00015,0.0,0.0003,0.0,0.0,0.0007,0.0
P06D07_006,0.001,0.00011428571428571427,0.0,0.0,0.00035,0.0,0.8167,0.0002,0.00015,0.0,0.1756,0.0,0.0,0.0,0.0
P06D08_006,0.0002,5.714285714285715e-05,0.0,0.0,0.0,0.0,0.9651,0.0003,0.00015,0.0002,0.0298,0.0008,0.0,0.0,0.0
P06D10_006,0.9935,0.0002142857142857143,0.0,0.0004,0.0001,0.0,0.0008,0.0004,0.00025,0.0001,0.0001,0.0002,0.0002,0.0001,0.0
P06E01_006,0.0005,5.714285714285715e-05,0.0009666666666666666,0.0,0.0,0.0,0.9922,0.0002,0.0,0.0,0.0,0.0012,0.0,0.0,0.0
P06E03_006,0.5517,4.2857142857142856e-05,0.0,0.0,0.0003,0.0,0.4165,0.0,0.00015,0.0,0.0001,0.0,0.0265,0.0006,0.0001
P06E05_006,0.0007,0.00014285714285714287,0.0,0.0,0.0,0.0,0.941,0.0,0.00015,0.0518,0.0002,0.0,0.0,0.0003,0.0
P06E06_006,0.4741,7.142857142857143e-05,0.0,0.0,0.0,0.0,0.5194,0.0005,0.0002,0.0,0.0003,0.0,0.0,0.0006,0.0
P06E07_006,0.0046,0.0002142857142857143,0.0,0.0,0.00015,0.0,0.7789,0.0005,0.00075,0.0,0.2098,0.0,0.0,0.0003,0.0
P06E10_006,0.9961,5.714285714285715e-05,0.0,0.0,0.0,0.0,0.0011,0.0002,0.00025,0.0,0.0003,0.0,0.0003,0.0,0.0
P06E11_006,0.0025,0.0002,0.0,0.0,5e-05,0.0004,0.0006,0.9854,0.00035,0.0003,0.0,0.0,0.001,0.0,0.0
P06E12_006,0.0007,0.00044285714285714284,0.0,0.0,0.0001,0.0005,0.0011,0.0002,0.4928,0.0027,0.0002,0.0,0.0,0.0,0.0
P06F01_006,0.0005,5.714285714285715e-05,0.0008666666666666666,0.0002,0.0001,0.0,0.9934,0.0,0.0001,0.0,0.0002,0.0005,0.0,0.0012,0.0
P06F03_006,0.6178,0.00015714285714285716,0.0005666666666666666,0.0002,0.0001,0.0,0.3771,0.0,0.0001,0.0,0.0,0.0,0.0,0.0005,0.0007
P06F05_006,0.0004,0.0001142857142857143,0.0,0.0,0.0,0.0,0.9296,0.0,0.00030000000000000003,0.0669,0.0002,0.0,0.0,0.0006,0.0
P06F06_006,0.4752,0.0001142857142857143,0.0,0.0,0.0001,0.0016,0.5008,0.0005,0.00035,0.0,0.0187,0.0,0.0,0.0007,0.0
P06F07_006,0.0008,0.0001142857142857143,0.0,0.0004,0.00030000000000000003,0.0,0.7979,0.0,0.0,0.0,0.1954,0.0,0.0,0.0028,0.0
P06F09_006,0.0015,5.714285714285715e-05,0.0,0.0,0.0,0.0,0.9959,0.0002,0.00030000000000000003,0.0,0.0,0.0,0.0002,0.0,0.0
P06F10_006,0.9893,0.0001,0.0,0.0,0.0,0.0,0.002,0.0005,0.0029999999999999996,0.0003,0.0005,0.0,0.0,0.0,0.0
P06G03_006,0.582,0.00018571428571428572,0.0006666666666666666,0.0003,0.0,0.0,0.4127,0.0002,0.0,0.0002,0.0002,0.0002,0.0,0.0008,0.0
P06G05_006,0.0005,4.2857142857142856e-05,0.0,0.0,0.0,0.0,0.9259,0.0002,0.0,0.0715,0.0003,0.0,0.0,0.0003,0.0
P06G06_006,0.4617,8.571428571428573e-05,0.0,0.0002,0.0001,0.0002,0.5153,0.0006,0.0001,0.0,0.02,0.0,0.0,0.0002,0.0
P06G07_006,0.9163,8.571428571428573e-05,0.0,0.0003,0.0001,0.0,0.0015,0.0002,0.0005,0.0002,0.0685,0.01,0.0,0.0,0.0
P06G09_006,0.0009,0.0,0.0,0.0002,0.0,0.0,0.9956,0.0006,0.0002,0.0,0.0,0.0011,0.0,0.0004,0.0
P06G11_006,0.9976,0.0001,0.0,0.0,0.00015,0.0,0.0002,0.0006,0.0,0.0,0.0,0.0,0.0002,0.0,0.0
P06G12_006,0.0002,0.00022857142857142854,0.0,0.0,0.00030000000000000003,0.0,0.0006,0.0004,0.00030000000000000003,0.9946,0.0006,0.0,0.0,0.0,0.0002
P06H02_006,0.6183,0.0001,0.0,0.0,0.0,0.0,0.3779,0.0,0.0002,0.0,0.0,0.0,0.0,0.0003,0.0
P06H03_006,0.6321,0.0002142857142857143,0.00023333333333333333,0.0,0.0001,0.0001,0.3645,0.0,5e-05,0.0,0.0,0.0,0.0,0.0003,0.0
P06H05_006,0.0004,8.571428571428571e-05,0.0,0.0,0.0,0.0,0.1984,0.0,0.3994,0.0,0.0,0.0,0.0,0.0001,0.0
P06H06_006,0.5648,0.00021428571428571425,0.0,0.0,0.0,0.0,0.4109,0.0004,0.0,0.0003,0.0197,0.0,0.0,0.0004,0.0
P06H07_006,0.912,0.0002,0.0,0.0,0.0005,0.0,0.0006,0.0,0.00025,0.0,0.077,0.0065,0.0,0.0001,0.0
P06H08_006,0.594,0.0001142857142857143,0.0,0.0,0.0001,0.0,0.3997,0.0005,0.0002,0.0002,0.0,0.0034,0.0,0.0,0.0
P06H09_006,0.0036,2.8571428571428574e-05,0.0,0.0,0.00030000000000000003,0.0,0.9924,0.0002,0.0001,0.0002,0.0004,0.0016,0.0,0.0004,0.0
P06H11_006,0.0004,5.714285714285715e-05,0.0,0.0002,0.0,0.0,0.9982,0.0,0.0001,0.0,0.0004,0.0,0.0,0.0,0.0
P07A01_007,0.0002,0.1099142857142857,0.0,0.0,0.0001,0.0,0.0007,0.0,0.0,0.0,0.0638,0.0,0.0002,0.0008,0.0
P07A02_007,0.0002,0.10674285714285714,0.0,0.0,0.0,0.0,0.0002,0.0,0.0,0.0,0.2514,0.0,0.0,0.0007,0.0
P07A03_007,0.0,0.14215714285714284,0.0,0.0,0.0,0.0,0.0006,0.0,0.0001,0.0,0.0,0.0028,0.0,0.0009,0.0002
P07A05_007,0.0001,0.08489999999999999,0.0,0.0,0.0,0.0,0.357,0.0,0.00015,0.0,0.0465,0.0013,0.0,0.0,0.0
P07A06_007,0.0,0.07907142857142857,0.0,0.0,0.0,0.0002,0.3986,0.0,0.0,0.0,0.0466,0.0,0.0,0.0,0.0002
P07A07_007,0.4953,0.00022857142857142854,0.0020333333333333336,0.0,0.0,0.0,0.4958,0.0002,0.0,0.0,0.0002,0.0,0.0,0.0002,0.0
P07A08_007,0.0002,0.0851,0.0,0.0,0.0,0.0,0.3617,0.0,0.00015,0.0,0.0401,0.0013,0.0002,0.0,0.0
P07A09_007,0.5299,5.714285714285715e-05,0.0,0.0002,0.0,0.1559,0.0002,0.0002,0.1497,0.0,0.0129,0.0002,0.0,0.0,0.0
P07A10_007,0.0004,0.09215714285714285,0.009233333333333333,0.0,0.00055,0.0,0.0,0.0,0.00045,0.0,0.0002,0.0023,0.0,0.0,0.0
P07A11_007,0.0001,0.10527142857142857,0.009166666666666667,0.0,0.0,0.0,0.2339,0.0,0.0,0.0,0.0,0.0012,0.0,0.0001,0.0
P07A12_007,0.3061,0.06508571428571429,0.004266666666666667,0.0,0.0,0.0,0.2249,0.0,0.0002,0.0,0.0002,0.0,0.0,0.0,0.0
P07B01_007,0.0003,0.06687142857142857,0.0,0.0,0.15760000000000002,0.0001,0.0006,0.0,0.0,0.0,0.2123,0.0001,0.0,0.0027,0.0004
P07B02_007,0.0004,5.7142857142857135e-05,0.0,0.0,0.00015,0.0,0.0009,0.0,0.24545,0.0,0.4612,0.0,0.0001,0.0038,0.0417
P07B03_007,0.0001,2.8571428571428574e-05,0.0,0.0014,0.00085,0.0,0.0003,0.0003,0.00015,0.0,0.0004,0.0003,0.0001,0.0045,0.9903
P07B04_007,0.0001,0.04475714285714285,0.0,0.0,0.0003,0.1713,0.5113,0.0001,5e-05,0.0,0.0003,0.0,0.0,0.0,0.0
P07B05_007,0.0009,0.00011428571428571427,0.0,0.0,0.0877,0.0,0.7749,0.0,5e-05,0.0,0.0438,0.0022,0.0,0.0,0.0001
P07B06_007,0.0001,0.0001142857142857143,0.0,0.0,0.1056,0.0,0.7354,0.0,5e-05,0.0,0.0495,0.0,0.0001,0.0001,0.0007
P07B07_007,0.395,8.571428571428573e-05,0.0,0.0001,5e-05,0.0,0.5426,0.0583,5e-05,0.0,0.0011,0.0,0.0,0.0,0.0004
P07B08_007,0.0001,7.142857142857143e-05,0.0,0.0,0.06824999999999999,0.0,0.8322,0.0003,0.00015,0.0,0.0273,0.0013,0.0,0.0,0.0
P07B09_007,0.6724,0.026342857142857144,0.0,0.0,0.0559,0.0,0.0005,0.0,5e-05,0.0,0.0279,0.0001,0.0,0.0,0.0001
P07B10_007,0.0,0.0642,0.0,0.0,0.12035,0.0,0.0004,0.0001,0.14385,0.0,0.0,0.0039,0.0154,0.0,0.0001
P07B11_007,0.0,0.049914285714285724,0.0,0.0,0.0298,0.0,0.5597,0.0,0.00015,0.0,0.0,0.0282,0.0,0.0,0.0
P07B12_007,0.3305,0.032,3.3333333333333335e-05,0.0,0.0199,0.0,0.3578,0.0,0.00015,0.0004,0.0,0.0,0.0,0.0,0.0001
P07C02_007,0.0001,0.07267142857142858,0.0,0.0,5e-05,0.2319,0.0001,0.0,5e-05,0.0,0.0,0.0017,0.0,0.004,0.0
P07C03_007,0.5651,1.4285714285714287e-05,0.0,0.0,0.0391,0.0,0.0002,0.0,0.17645,0.0,0.0003,0.0001,0.0,0.0024,0.0002
P07C04_007,0.0007,0.10065714285714286,0.0,0.0,0.0,0.0,0.2935,0.0,0.00015,0.0,0.0003,0.0,0.0,0.0,0.0003
P07C05_007,0.0003,0.10701428571428573,3.3333333333333335e-05,0.0,0.0,0.0,0.0001,0.0,0.0001,0.0,0.2479,0.0012,0.0001,0.0001,0.0001
P07C06_007,0.262,0.0685,0.0,0.0,5e-05,0.0,0.2451,0.0,0.0,0.0001,0.0001,0.0121,0.0,0.0,0.0
P07C07_007,0.0003,0.107,0.0,0.0,0.0001,0.0,0.0,0.0,0.0001,0.0432,0.119,0.0001,0.0001,0.0002,0.0
P07C08_007,0.0002,0.10817142857142857,9.999999999999999e-05,0.0,0.0001,0.0,0.0003,0.0,0.0001,0.0,0.2396,0.0014,0.0,0.0,0.0
P07C09_007,0.0001,0.1060857142857143,0.0,0.0,0.0,0.0,0.1789,0.0,5e-05,0.0,0.0767,0.0,0.0001,0.0001,0.0
P07C10_007,0.2709,0.062157142857142855,3.3333333333333335e-05,0.0,0.0,0.0,0.0,0.0,0.14495,0.0006,0.0,0.0019,0.0003,0.0,0.0
P07C11_007,0.0005,0.10451428571428571,0.0,0.0,0.0,0.0,0.2653,0.0,5e-05,0.0002,0.0,0.0018,0.0,0.0,0.0001
P07C12_007,0.2936,0.061585714285714285,0.015033333333333334,0.0,0.0,0.0,0.2283,0.0,0.00015000000000000001,0.0006,0.0001,0.0,0.0,0.0,0.0
P07D01_007,0.0,0.08525714285714285,0.0,0.0,0.0002,0.172,0.0002,0.0,0.0002,0.0,0.2235,0.0041,0.0,0.0021,0.0
P07D02_007,0.0004,0.03964285714285714,0.0,0.0,0.0001,0.0,0.0006,0.0,0.34625,0.0,0.0004,0.0011,0.0256,0.0012,0.0
P07D04_007,0.0006,0.06308571428571429,0.0,0.0,0.0,0.0,0.5009,0.055,0.0002,0.0,0.0,0.0,0.0,0.0003,0.0005
P07D05_007,0.0006,0.09318571428571429,0.0,0.0,5e-05,0.0001,0.0002,0.0,0.00025,0.0,0.3381,0.0039,0.0001,0.0001,0.0016
P07D06_007,0.5015,5.714285714285715e-05,0.0,0.0,0.0001,0.0002,0.3883,0.0,0.00045,0.0,0.0002,0.0005,0.0,0.0,0.0
P07D07_007,0.0004,0.054542857142857136,0.0,0.0,0.055749999999999994,0.3422,0.0003,0.0,0.0004,0.0,0.1617,0.0,0.0001,0.0003,0.0
P07D08_007,0.0006,0.07854285714285714,0.0,0.0,0.10014999999999999,0.0,0.0,0.0,0.0002,0.0,0.2426,0.0046,0.0,0.0,0.0011
P07D09_007,0.0,0.044842857142857136,0.0,0.0,0.0876,0.0004,0.3176,0.0,0.0002,0.0,0.1909,0.0,0.0002,0.0,0.0
P07D11_007,0.0004,8.571428571428571e-05,0.0,0.0,0.04365,0.0003,0.9071,0.0,5e-05,0.0,0.0,0.0014,0.0001,0.0,0.0009
P07D12_007,0.4751,7.142857142857143e-05,3.3333333333333335e-05,0.0,0.03495,0.0001,0.4348,0.0,0.0,0.0006,0.0002,0.0002,0.0164,0.0,0.0002
P07E01_007,0.5166,0.00028571428571428574,6.666666666666667e-05,0.0,5e-05,0.0,0.0013,0.0797,0.13845000000000002,0.0001,0.1221,0.0001,0.0,0.0008,0.0
P07E02_007,0.5693,0.060385714285714286,9.999999999999999e-05,0.0,0.0,0.0,0.0021,0.0001,0.00015,0.0,0.0004,0.0024,0.0,0.0013,0.0
P07E03_007,0.2643,0.0668,0.0073,0.0,0.0,0.0,0.2413,0.0,0.0,0.0,0.0009,0.0009,0.0,0.0016,0.0001
P07E04_007,0.0019,0.0970142857142857,0.0,0.0,0.0,0.2157,0.0001,0.001,0.0,0.094,0.0006,0.0004,0.0,0.0014,0.0037
P07E05_007,0.4876,0.00012857142857142858,0.0007666666666666667,0.0,0.0001,0.0,0.4852,0.0,0.0001,0.0,0.0229,0.0,0.0,0.0,0.0004
P07E06_007,0.97,0.00035714285714285714,9.999999999999999e-05,0.0002,0.0,0.0,0.0017,0.0,0.0,0.0,0.0,0.0242,0.0,0.0,0.0
P07E07_007,0.0033,0.1261142857142857,3.3333333333333335e-05,0.0,0.0,0.0,0.0004,0.0001,0.0007,0.0,0.1078,0.0023,0.0,0.0,0.0
P07E08_007,0.6309,0.00027142857142857144,0.00016666666666666666,0.0,0.00015000000000000001,0.0002,0.0014,0.0851,0.13110000000000002,0.0,0.0158,0.0,0.0,0.0001,0.0
P07E09_007,0.0005,0.09411428571428572,3.3333333333333335e-05,0.0,5e-05,0.0001,0.2805,0.0,0.0,0.0,0.0577,0.0,0.0,0.0,0.0008
P07E10_007,0.2463,0.06332857142857143,0.0065,0.0,0.00015,0.0,0.2831,0.0,0.00019999999999999998,0.0012,0.0,0.0057,0.0,0.0,0.0
P07E11_007,0.0012,0.055557142857142854,0.11073333333333334,0.0,0.0001,0.0,0.0001,0.0,0.00075,0.0,0.0,0.0019,0.0,0.0017,0.0007
P07E12_007,0.5783,0.00018571428571428572,0.04700000000000001,0.0,5e-05,0.0001,0.0003,0.0003,0.00025,0.0002,0.0001,0.0001,0.0177,0.0007,0.0
P07F01_007,0.4335,5.714285714285715e-05,0.0,0.0,0.0241,0.0,0.0005,0.0,0.23395,0.0,0.0479,0.0001,0.0,0.0011,0.0
P07F02_007,0.4216,0.00011428571428571427,3.3333333333333335e-05,0.0,0.0003,0.0,0.0001,0.0554,5e-05,0.0,0.0003,0.0017,0.0,0.0009,0.0
P07F03_007,0.5025,0.01657142857142857,0.0,0.0,0.0297,0.0001,0.3184,0.0,0.00025,0.0,0.0008,0.0002,0.0,0.0016,0.0
P07F05_007,0.517,2.8571428571428574e-05,3.3333333333333335e-05,0.0,0.03115,0.0,0.397,0.0,0.0001,0.0,0.0217,0.0001,0.0,0.0,0.0
P07F06_007,0.7877,0.0,0.0,0.0,0.0,0.0,0.0003,0.0,0.00015,0.0,0.0003,0.0091,0.0,0.0002,0.0
P07F07_007,0.0013,0.08689999999999999,0.0,0.0,0.0002,0.0,0.0006,0.0,0.1015,0.0,0.1813,0.0031,0.0001,0.0006,0.0
P07F08_007,0.4096,8.571428571428573e-05,3.3333333333333335e-05,0.0001,0.017,0.0,0.0006,0.0,0.2438,0.0,0.0237,0.0001,0.0,0.0001,0.0
P07F09_007,0.0005,8.571428571428571e-05,0.0,0.0,0.1078,0.0002,0.7182,0.0,0.00015,0.0,0.0636,0.0,0.0,0.0,0.0003
P07F10_007,0.429,0.0124,0.0,0.0,5e-05,0.0001,0.3922,0.0,0.0,0.0,0.0001,0.0014,0.0,0.0003,0.0
P07F11_007,0.0001,2.8571428571428574e-05,3.3333333333333335e-05,0.0001,0.083,0.0,0.0002,0.0,5e-05,0.0001,0.0,0.003,0.0,0.8124,0.0129
P07G01_007,0.0004,0.07825714285714287,0.0,0.0001,0.0,0.0,0.386,0.0,5e-05,0.0,0.0609,0.0,0.0001,0.0038,0.0001
P07G02_007,0.0003,0.07234285714285715,0.033466666666666665,0.0,5e-05,0.0,0.3871,0.0,0.0003,0.0,0.0004,0.0011,0.0,0.0034,0.0001
P07G03_007,0.7412,0.0002,0.0033333333333333335,0.0,0.0001,0.0,0.0002,0.0002,0.0002,0.0,0.001,0.0006,0.0,0.003,0.0
P07G04_007,0.5255,0.0002,0.0,0.0,0.0,0.0,0.0006,0.2157,0.0,0.0003,0.2385,0.0169,0.0,0.0,0.0
P07G05_007,0.9401,5.7142857142857135e-05,0.0,0.0001,0.0,0.0,0.0008,0.0,0.0,0.0,0.058,0.0,0.0,0.0,0.0
P07G06_007,0.0018,0.07769999999999999,0.0,0.0,0.0,0.0,0.4507,0.0,5e-05,0.0,0.0,0.0018,0.0,0.0,0.0003
P07G07_007,0.5589,0.00027142857142857144,0.0,0.0,0.00015,0.0,0.0,0.0903,0.162,0.0,0.0209,0.002,0.0001,0.0001,0.0
P07G08_007,0.5265,0.0001,0.0004999999999999999,0.0,0.0,0.0,0.3197,0.0,0.06355,0.0,0.0238,0.0,0.0,0.0,0.0
P07G09_007,0.0004,0.12717142857142857,6.666666666666667e-05,0.0,0.0,0.0,0.0001,0.0,0.0,0.0,0.1082,0.0001,0.0001,0.0,0.0002
P07G10_007,0.8154,0.0002285714285714286,3.3333333333333335e-05,0.0042,0.0646,0.0,0.0001,0.0,5e-05,0.0,0.0003,0.0475,0.0,0.0,0.0
P07G11_007,0.421,0.00011428571428571427,0.0,0.0001,0.02135,0.0,0.0,0.0,0.26725,0.0,0.0001,0.0,0.0,0.0,0.0
P07H01_007,0.0005,7.142857142857143e-05,0.0,0.0,0.0962,0.0,0.7486,0.0,5e-05,0.0,0.0562,0.0001,0.0,0.0011,0.0
P07H02_007,0.0013,0.04817142857142857,3.3333333333333335e-05,0.0,0.0004,0.0,0.6394,0.0,0.00015,0.0,0.0,0.0044,0.0152,0.0008,0.0
P07H03_007,0.5446,0.0,0.0,0.0,0.22555,0.0,0.0007,0.0,0.0,0.0,0.0003,0.0002,0.0001,0.0017,0.0002
P07H04_007,0.4461,0.0,0.0,0.0,0.2593,0.0,0.0004,0.0,0.0,0.0,0.0315,0.0009,0.0001,0.0001,0.0
P07H05_007,0.7942,1.4285714285714287e-05,0.0,0.0,0.0001,0.0,0.0005,0.0,5e-05,0.0,0.0313,0.0,0.0,0.0,0.0001
P07H06_007,0.0004,5.7142857142857135e-05,0.0,0.0,0.0,0.0001,0.9956,0.0,5e-05,0.0,0.0001,0.0007,0.0,0.0,0.0006
P07H07_007,0.6654,0.02224285714285714,0.0,0.0,0.07555,0.0,0.0001,0.0001,5e-05,0.0001,0.0242,0.0007,0.0001,0.0,0.0
P07H08_007,0.4224,5.714285714285715e-05,9.999999999999999e-05,0.0,0.01835,0.0,0.2495,0.0,0.12639999999999998,0.0,0.0369,0.0001,0.0,0.0,0.0
P07H09_007,0.0005,0.10035714285714285,0.0,0.0,0.00055,0.0,0.0003,0.0,0.0,0.0,0.2927,0.0002,0.0002,0.0,0.0009
P07H10_007,0.3745,4.285714285714286e-05,3.3333333333333335e-05,0.0001,5e-05,0.0001,0.0003,0.0,5e-05,0.0704,0.0004,0.0003,0.0,0.0,0.0
P07H11_007,0.3277,4.285714285714286e-05,3.3333333333333335e-05,0.0,0.04625,0.2943,0.0002,0.0,5e-05,0.0001,0.0001,0.0,0.0,0.0,0.0
P08A01_006,0.0,0.05651428571428572,0.0,0.0002,0.0,0.0002,0.0,0.0,0.0,0.0,0.6039,0.0,0.0,0.0,0.0
P08A01_007,0.0001,0.11507142857142856,6.666666666666667e-05,0.0,5e-05,0.0,0.0001,0.0001,0.00015,0.0,0.0612,0.0001,0.0,0.0,0.0
P08A02_006,0.0001,0.02961428571428571,0.0,0.0,5e-05,0.0,0.0,0.0,5e-05,0.0,0.7903,0.0,0.0,0.0,0.0
P08A02_007,0.0003,0.10945714285714285,3.3333333333333335e-05,0.0,0.0,0.0,0.0003,0.0,0.0,0.0,0.2328,0.0,0.0,0.0,0.0001
P08A03_006,0.0,0.09381428571428571,6.666666666666667e-05,0.0,5e-05,0.0,0.0003,0.3175,5e-05,0.0,0.0,0.0248,0.0,0.0,0.0
P08A03_007,0.0,0.14232857142857142,0.0,0.0,0.0,0.0001,0.0006,0.0001,5e-05,0.0,0.0002,0.0023,0.0,0.0,0.0002
P08A04_006,0.5752,0.03667142857142857,0.0,0.0,5e-05,0.0,0.0006,0.167,0.0,0.0,0.0003,0.0,0.0,0.0001,0.0
P08A04_007,0.0003,0.09775714285714286,0.0092,0.0,0.0,0.0,0.2869,0.0,0.0,0.0,0.0004,0.0003,0.0,0.0,0.0
P08A05_006,0.0003,2.8571428571428574e-05,0.0,0.0,0.0,0.0,0.9445,0.0001,0.0,0.0,0.0002,0.0,0.0532,0.0004,0.0
P08A05_007,0.0008,0.07872857142857141,0.0,0.0,0.0,0.0,0.3985,0.0,0.0,0.0,0.0486,0.0008,0.0,0.0,0.0
P08A06_007,0.0005,0.08268571428571428,3.3333333333333335e-05,0.0,0.0,0.0,0.3839,0.0,0.0,0.0,0.0366,0.0,0.0,0.0,0.0
P08A07_006,0.0001,4.285714285714286e-05,0.0,0.0,5e-05,0.0,0.0007,0.1522,0.0,0.0,0.8458,0.0008,0.0,0.0,0.0
P08A07_007,0.5234,0.00014285714285714287,0.0056,0.0,0.0,0.0002,0.4574,0.0,5e-05,0.0,0.0005,0.0,0.0001,0.0,0.0001
P08A08_006,0.7544,0.032171428571428566,0.0,0.0,0.0,0.0,0.0003,0.0,0.0,0.0001,0.0196,0.0001,0.0,0.0,0.0
P08A08_007,0.0003,0.09387142857142858,0.0,0.0,0.0,0.0,0.2919,0.0,0.0,0.0,0.0494,0.0015,0.0,0.0,0.0
P08A09_006,0.0001,0.04655714285714285,0.0,0.0,0.0001,0.0,0.5908,0.0003,5e-05,0.0,0.0826,0.0,0.0,0.0,0.0
P08A09_007,0.4235,0.00025714285714285715,0.0,0.0,0.0,0.1848,0.0003,0.0,0.18839999999999998,0.0,0.0123,0.0,0.0,0.0,0.0
P08A10_007,0.0003,0.10165714285714286,0.009099999999999999,0.0,0.0,0.0001,0.0008,0.0,5e-05,0.0001,0.0001,0.0039,0.0001,0.0,0.0
P08A11_007,0.0001,0.10172857142857142,0.0104,0.0,5e-05,0.0,0.2536,0.0,5e-05,0.0,0.0,0.0025,0.0,0.0,0.0001
P08A12_007,0.285,0.07475714285714286,0.004,0.0,0.0,0.0001,0.1788,0.0,0.00015,0.0,0.0,0.0,0.0,0.0,0.0
P08B01_006,0.0002,0.06251428571428572,0.0,0.0004,5e-05,0.0001,0.0002,0.0,0.0,0.0,0.5614,0.0,0.0,0.0,0.0
P08B01_007,0.0001,0.07284285714285714,0.0,0.0,0.134,0.0,0.0006,0.0,5e-05,0.0,0.2201,0.0,0.0,0.0,0.0003
P08B02_006,0.0,4.285714285714286e-05,0.0,0.0,0.0001,0.0,0.0002,0.0,0.0,0.0317,0.0,0.02,0.9476,0.0,0.0
P08B02_007,0.0004,0.0003,0.0,0.001,0.0007,0.0,0.0006,0.0,0.2323,0.0,0.0368,0.0,0.0001,0.0,0.4923
P08B03_006,0.0,0.09355714285714285,0.0,0.0,5e-05,0.0,0.0001,0.3304,5e-05,0.0,0.0,0.0145,0.0,0.0,0.0
P08B04_006,0.5264,0.04065714285714285,0.0,0.0,0.00015,0.0,0.001,0.1864,5e-05,0.0,0.0001,0.0,0.0001,0.0006,0.0
P08B04_007,0.0007,0.04588571428571429,0.0,0.0,5e-05,0.1778,0.4995,0.0001,0.00015,0.0,0.0001,0.0,0.0,0.0,0.0
P08B05_006,0.0002,0.0,0.0006333333333333333,0.0,0.00015,0.0,0.7455,0.2513,0.0,0.0,0.0003,0.0002,0.0,0.0003,0.0
P08B05_007,0.0006,0.0002285714285714286,0.0,0.0,0.11815,0.0001,0.6885,0.0002,5e-05,0.0,0.0706,0.0019,0.0,0.0,0.0
P08B06_007,0.0002,0.00032857142857142856,0.0,0.0,0.1177,0.0001,0.7102,0.0,0.0001,0.0,0.0512,0.0,0.0,0.0,0.0001
P08B07_006,0.0002,2.8571428571428574e-05,0.0,0.0,0.0,0.0,0.0001,0.1265,0.0,0.0,0.8725,0.0004,0.0,0.0,0.0
P08B07_007,0.4195,0.0005285714285714286,0.0,0.0,0.0002,0.0001,0.5244,0.0509,5e-05,0.0,0.0001,0.0,0.0,0.0,0.0006
P08B08_006,0.3552,2.8571428571428574e-05,0.0,0.0,5e-05,0.0,0.0003,0.0001,0.31095,0.0,0.022,0.0,0.0,0.0,0.0
P08B08_007,0.0005,0.0003714285714285715,0.0,0.0,0.0895,0.0,0.7827,0.0,0.0004,0.0001,0.0331,0.0009,0.0,0.0,0.0001
P08B09_006,0.0001,0.04417142857142857,0.0,0.0,5e-05,0.0,0.6062,0.0002,0.0,0.0002,0.084,0.0,0.0001,0.0,0.0
P08B09_007,0.7089,0.019971428571428574,0.0,0.0,0.0629,0.0,0.0004,0.0,0.00015000000000000001,0.0,0.0246,0.0,0.0,0.0,0.0001
P08B10_007,0.0003,0.06682857142857143,0.0,0.0,0.1231,0.0,0.0004,0.0,0.1296,0.0,0.0,0.0037,0.0219,0.0001,0.0
P08B11_006,0.8578,0.0,0.0,0.0,0.0,0.0,0.0001,0.0001,5e-05,0.0,0.0002,0.064,0.0,0.0,0.0
P08B12_007,0.4435,0.021371428571428572,0.0,0.0,0.0234,0.0,0.3154,0.0,5e-05,0.0,0.0,0.0,0.0,0.0,0.0
P08C01_006,0.0,0.06082857142857143,0.0,0.0004,5e-05,0.0,0.0001,0.0,0.0,0.0,0.5733,0.0,0.0,0.0,0.0
P08C01_007,0.0002,0.1151,0.0,0.0,0.0001,0.0,0.0005,0.0,5e-05,0.0,0.1916,0.0015,0.0,0.0,0.0
P08C02_006,0.0,4.2857142857142856e-05,0.0,0.0,5e-05,0.0,0.0004,0.0,0.0001,0.0338,0.0,0.0161,0.9489,0.0,0.0
P08C02_007,0.0003,0.08354285714285714,0.0,0.0,0.00019999999999999998,0.2051,0.0005,0.0,5e-05,0.0,0.0,0.002,0.0001,0.0,0.0
P08C03_006,0.3673,0.0004999999999999999,3.3333333333333335e-05,0.0,0.0,0.0,0.0003,0.364,5e-05,0.0001,0.0,0.0,0.0001,0.0,0.0
P08C03_007,0.5966,0.00017142857142857145,0.0,0.0,0.035449999999999995,0.0,0.0004,0.0001,0.1652,0.0,0.0002,0.0,0.0,0.0,0.0
P08C04_006,0.5847,0.03265714285714286,0.0,0.0,0.0,0.0,0.0005,0.1855,0.0,0.0,0.0001,0.0,0.0,0.0003,0.0
P08C04_007,0.0006,0.10174285714285713,0.0,0.0,0.0,0.0,0.2869,0.0001,5e-05,0.0,0.0001,0.0,0.0,0.0,0.0001
P08C05_006,0.0001,1.4285714285714287e-05,0.0006333333333333333,0.0,0.0001,0.0,0.7728,0.2234,0.0001,0.0,0.0002,0.0001,0.0,0.0009,0.0
P08C05_007,0.0006,0.11939999999999999,0.0,0.0,0.0,0.0,0.0011,0.0,0.0,0.0,0.1604,0.0019,0.0,0.0,0.0002
P08C06_007,0.2617,0.06621428571428571,0.0,0.0,0.0,0.0,0.2621,0.0,0.0,0.0,0.0,0.0125,0.0,0.0,0.0
P08C07_006,0.0003,2.8571428571428574e-05,0.0,0.0,5e-05,0.0,0.0002,0.1016,0.0,0.0,0.8965,0.001,0.0,0.0,0.0
P08C07_007,0.0003,0.10774285714285714,0.0,0.0,0.0,0.0,0.0002,0.0,5e-05,0.0307,0.1332,0.0,0.0,0.0,0.0
P08C08_006,0.3416,2.8571428571428574e-05,0.0,0.0,0.0,0.0,0.0001,0.0002,0.32015,0.0,0.0175,0.0001,0.0,0.0,0.0
P08C08_007,0.0002,0.12741428571428573,0.0,0.0,5e-05,0.0001,0.0003,0.0,5e-05,0.0,0.1062,0.0008,0.0,0.0,0.0003
P08C09_006,0.0,0.0001142857142857143,0.0009000000000000001,0.0,5e-05,0.0,0.9881,0.0002,0.0001,0.0,0.0078,0.0,0.0,0.0,0.0
P08C09_007,0.0002,0.10277142857142858,0.0,0.0,0.0,0.0001,0.2293,0.0,0.0,0.0,0.0509,0.0,0.0,0.0,0.0001
P08C10_007,0.2685,0.06574285714285714,0.0,0.0,0.0008,0.0001,0.0004,0.0,0.1332,0.0001,0.0002,0.0017,0.0001,0.0002,0.0
P08C11_006,0.8702,0.0,0.0,0.0,0.0,0.0,0.0001,0.0,5e-05,0.0,0.0,0.0632,0.0,0.0,0.0
P08C11_007,0.0004,0.10694285714285715,6.666666666666667e-05,0.0,0.0001,0.0,0.2471,0.0,0.0,0.0,0.0,0.0024,0.0,0.0001,0.0004
P08C12_006,0.0,0.0515,3.3333333333333335e-05,0.0,0.0,0.0,0.6364,0.0,0.0,0.0,0.0,0.0027,0.0,0.0,0.0
P08C12_007,0.3347,0.06272857142857143,0.0138,0.0,0.0,0.0,0.1839,0.0,0.0001,0.0,0.0,0.0,0.0,0.0,0.0
P08D01_006,0.0,0.01877142857142857,0.0,0.0007,5e-05,0.0,0.0003,0.0,5e-05,0.0,0.8668,0.0001,0.0,0.0,0.0
P08D01_007,0.0003,0.07998571428571428,0.0,0.0,0.00025,0.2147,0.0004,0.0,0.0,0.0,0.221,0.0027,0.0,0.0001,0.0
P08D02_006,0.0,4.285714285714286e-05,0.0,0.0,5e-05,0.0,0.0002,0.0002,0.0,0.0239,0.0,0.0217,0.9537,0.0,0.0
P08D02_007,0.0002,0.03581428571428571,0.0,0.0,0.0001,0.0,0.0003,0.0,0.3594,0.0,0.0002,0.001,0.0284,0.0,0.0
P08D03_006,0.3726,0.0009,6.666666666666667e-05,0.0,5e-05,0.0,0.0004,0.396,0.0,0.0,0.0014,0.0002,0.0001,0.0,0.0
P08D03_007,0.6593,0.00012857142857142858,0.0,0.0002,0.05745,0.0,0.0005,0.0001,0.0001,0.0,0.0001,0.0,0.0,0.0,0.0
P08D04_006,0.0002,0.044971428571428565,0.0,0.0,0.0,0.0,0.6629,0.0002,5e-05,0.0213,0.0,0.0,0.0,0.0002,0.0
P08D04_007,0.0001,0.06565714285714286,0.0,0.0,5e-05,0.0,0.4883,0.0513,0.0,0.0,0.0002,0.0,0.0,0.0,0.0002
P08D05_006,0.0001,0.0,0.0006666666666666666,0.0,5e-05,0.0,0.7901,0.2073,5e-05,0.0,0.0,0.0,0.0001,0.0002,0.0
P08D05_007,0.0004,0.09554285714285714,0.0,0.0,0.0001,0.0,0.0008,0.0001,0.0,0.0,0.3239,0.0046,0.0,0.0,0.0013
P08D06_007,0.4924,0.00032857142857142856,0.0,0.0,5e-05,0.0,0.4112,0.0,0.0,0.0,0.0002,0.0013,0.0,0.0,0.0
P08D07_006,0.0002,0.07828571428571428,0.0,0.0,0.0,0.0,0.0005,0.0001,5e-05,0.0,0.4375,0.0134,0.0002,0.0,0.0
P08D07_007,0.0002,0.05574285714285715,0.0,0.0,0.0436,0.3686,0.0,0.0001,5e-05,0.0001,0.1537,0.0,0.0,0.0,0.0
P08D08_006,0.3477,2.8571428571428574e-05,0.0,0.0,0.0,0.0,0.0001,0.0,0.3232,0.0001,0.0053,0.0,0.0,0.0,0.0
P08D08_007,0.0003,0.08324285714285716,3.3333333333333335e-05,0.0,0.0698,0.0,0.0002,0.0,0.00015000000000000001,0.0,0.2712,0.0041,0.0,0.0,0.0013
P08D09_006,0.0012,1.4285714285714287e-05,0.0035666666666666663,0.0,5e-05,0.0,0.9728,0.0003,0.0002,0.0,0.0142,0.0,0.0001,0.0,0.0
P08D09_007,0.0001,0.045571428571428575,3.3333333333333335e-05,0.0,0.06695000000000001,0.0001,0.386,0.0,5e-05,0.0,0.1608,0.0,0.0,0.0,0.0
P08D11_006,0.8714,0.0,0.0,0.0,0.0,0.0,0.0003,0.0,5e-05,0.0001,0.0,0.0574,0.0,0.0,0.0
P08D11_007,0.0005,0.0003,0.0,0.0001,0.0323,0.0,0.9302,0.0001,0.0,0.0,0.0,0.0014,0.0,0.0,0.0011
P08D12_006,0.0002,0.03811428571428571,0.0,0.0,0.0,0.0,0.7291,0.0,5e-05,0.0002,0.0001,0.0034,0.0001,0.0,0.0
P08D12_007,0.4885,0.00022857142857142854,3.3333333333333335e-05,0.0,0.0329,0.0001,0.4233,0.0,0.0,0.0,0.0002,0.0001,0.0202,0.0,0.0
P08E01_006,0.0,0.027257142857142858,0.0,0.0008,0.0,0.0,0.0001,0.0,0.0,0.0,0.808,0.0,0.0,0.0,0.0
P08E01_007,0.5513,0.00025714285714285715,0.0,0.0,0.00025,0.0001,0.0014,0.1031,0.1583,0.0,0.0245,0.0001,0.0001,0.0001,0.0
P08E02_006,0.0,4.2857142857142856e-05,0.0,0.0,0.0,0.0,0.0003,0.0001,0.4561,0.0749,0.0,0.0116,0.0005,0.0,0.0
P08E02_007,0.5128,0.0686,0.00013333333333333334,0.0,0.0,0.0,0.0011,0.0001,0.00025,0.0,0.0,0.0034,0.0,0.0,0.0
P08E03_006,0.3707,7.142857142857143e-05,3.3333333333333335e-05,0.0,0.0001,0.0,0.0006,0.3786,5e-05,0.0,0.0,0.0,0.0,0.0,0.0
P08E03_007,0.2748,0.06751428571428572,0.0042,0.0,5e-05,0.0,0.2384,0.0,0.0,0.0,0.0001,0.0001,0.0001,0.0,0.0009
P08E04_006,0.0001,0.045099999999999994,0.0,0.0,5e-05,0.0,0.6554,0.0,5e-05,0.0279,0.0,0.0,0.0,0.0004,0.0
P08E04_007,0.0032,0.09214285714285715,3.3333333333333335e-05,0.0,0.0,0.2368,0.0003,0.0007,0.0,0.1104,0.0001,0.0,0.0,0.0011,0.0016
P08E05_007,0.5049,0.00014285714285714287,0.0013333333333333333,0.0,0.0001,0.0,0.4659,0.0,0.0,0.0,0.0242,0.0,0.0,0.0,0.0
P08E06_007,0.956,0.0005285714285714285,0.0,0.0001,0.0,0.0001,0.0026,0.0,0.00025,0.0002,0.0,0.0362,0.0,0.0,0.0001
P08E07_006,0.0012,0.08957142857142857,0.0,0.0,5e-05,0.0,0.0008,0.0001,0.0004,0.0,0.3534,0.0158,0.0,0.0,0.0001
P08E07_007,0.002,0.12834285714285715,3.3333333333333335e-05,0.0,0.0,0.0,0.0003,0.0005,0.0011,0.0001,0.0948,0.0016,0.0,0.0001,0.0
P08E08_006,0.9601,4.2857142857142856e-05,0.0,0.0002,0.0,0.0,0.0003,0.0,0.00019999999999999998,0.0003,0.0381,0.0001,0.0,0.0,0.0
P08E08_007,0.602,0.0002,3.3333333333333335e-05,0.0,5e-05,0.0001,0.0011,0.0587,0.15335000000000001,0.0,0.0297,0.0,0.0,0.0001,0.0
P08E09_007,0.0005,0.08604285714285716,0.0,0.0,0.00025,0.0,0.3378,0.0001,0.00015000000000000001,0.0001,0.0579,0.0001,0.0,0.0,0.0001
P08E10_007,0.2246,0.07595714285714286,0.0029,0.0,5e-05,0.0002,0.225,0.0001,0.0,0.0002,0.0,0.0084,0.0,0.0,0.0
P08E11_006,0.4248,1.4285714285714287e-05,0.0,0.0,0.0,0.0,0.0004,0.0001,0.28695,0.0,0.0,0.0008,0.0,0.0,0.0
P08E11_007,0.0015,0.056528571428571435,0.11516666666666665,0.0,0.00015,0.0001,0.0001,0.0001,0.0010500000000000002,0.0,0.0,0.0038,0.0,0.0018,0.0014
P08E12_006,0.0001,0.04751428571428572,0.0,0.0,0.0,0.0,0.6649,0.0,0.0001,0.0,0.0,0.0023,0.0,0.0,0.0
P08E12_007,0.5676,0.00018571428571428572,0.059566666666666664,0.0,5e-05,0.0001,0.0003,0.0,0.00015000000000000001,0.0001,0.0002,0.0,0.0158,0.0,0.0
P08F01_006,0.0002,0.023085714285714286,0.0,0.0011,0.0,0.0,0.0002,0.0,0.0,0.0,0.8369,0.0,0.0,0.0,0.0
P08F01_007,0.3962,0.00010000000000000002,0.0,0.0,0.0262,0.0,0.0002,0.0001,0.24659999999999999,0.0001,0.0566,0.0,0.0,0.0002,0.0
P08F02_006,0.0002,2.8571428571428574e-05,6.666666666666667e-05,0.0002,0.0,0.0,0.0005,0.0,0.45965,0.0655,0.0,0.0137,0.0,0.0,0.0
P08F02_007,0.5156,0.0001,0.0,0.0,0.0003,0.0001,0.0004,0.0599,5e-05,0.0,0.0,0.0019,0.0,0.0,0.0
P08F03_006,0.5367,4.285714285714286e-05,0.0,0.0,0.0,0.0,0.0001,0.0,0.23015,0.0,0.0,0.0001,0.0,0.0,0.0
P08F03_007,0.4552,0.017042857142857144,0.0,0.0,0.01745,0.0,0.3901,0.0,0.00015000000000000001,0.0,0.0001,0.0,0.0,0.0003,0.0
P08F04_006,0.0005,0.0353,0.0,0.0,0.0,0.0,0.7295,0.0006,0.0001,0.0218,0.0001,0.0,0.0001,0.0001,0.0
P08F05_007,0.525,8.571428571428573e-05,0.0,0.0,0.03015,0.0,0.3875,0.0,0.0,0.0,0.0266,0.0,0.0,0.0,0.0
P08F06_006,0.0002,7.142857142857143e-05,0.0,0.9874,0.0,0.0,0.0002,0.0,0.0001,0.0,0.0092,0.0019,0.0,0.0003,0.0
P08F06_007,0.7925,5.7142857142857135e-05,0.0,0.0002,5e-05,0.0001,0.0005,0.0,0.0001,0.0,0.0,0.0089,0.0,0.0,0.0002
P08F07_006,0.0,0.09327142857142857,0.0,0.0,5e-05,0.0,0.0002,0.0,0.00019999999999999998,0.0001,0.3254,0.0208,0.0001,0.0,0.0
P08F07_007,0.0006,0.08555714285714285,0.0,0.0,0.0,0.0001,0.0001,0.0,0.10525,0.0,0.1869,0.0026,0.0,0.0002,0.0
P08F08_006,0.9554,0.0,0.0,0.0,5e-05,0.0,0.0002,0.0001,0.0028,0.0,0.0385,0.0,0.0,0.0,0.0
P08F08_007,0.4468,7.142857142857143e-05,0.0,0.0,0.0235,0.0,0.0001,0.0,0.2162,0.0,0.0338,0.0001,0.0,0.0002,0.0
P08F09_006,0.0002,1.4285714285714287e-05,0.0,0.0,0.0,0.0,0.1302,0.0002,0.42874999999999996,0.0,0.0117,0.0,0.0,0.0,0.0
P08F09_007,0.0005,0.0001,0.0,0.0002,0.1099,0.0,0.7364,0.0,0.0001,0.0,0.0416,0.0002,0.0,0.0,0.0001
P08F10_007,0.4729,0.016285714285714285,0.0,0.0,0.0001,0.0001,0.3197,0.0001,0.0,0.0,0.0,0.0024,0.0,0.0001,0.0
P08F11_006,0.4265,0.0,0.0,0.0,0.0,0.0,0.0001,0.0,0.28635,0.0,0.0,0.0007,0.0,0.0,0.0
P08G01_006,0.0,0.018571428571428572,0.0,0.0,0.0001,0.0,0.0002,0.0001,0.00035,0.0001,0.8663,0.0002,0.0,0.0,0.0
P08G01_007,0.0007,0.08551428571428572,0.0,0.0,0.0001,0.0,0.3501,0.0,0.0003,0.0,0.0493,0.0,0.0,0.0,0.0
P08G02_006,0.0004,0.0,0.0,0.0,0.0001,0.0,0.0003,0.0,0.43835,0.0999,0.0,0.0223,0.0001,0.0,0.0
P08G02_007,0.0012,0.08197142857142858,0.023033333333333333,0.0,0.00015,0.0,0.3532,0.0001,5e-05,0.0001,0.0,0.0018,0.0,0.0,0.0
P08G03_007,0.7591,0.00017142857142857145,0.0022,0.0,0.0001,0.0,0.0009,0.0001,0.00019999999999999998,0.0,0.0009,0.0,0.0,0.0,0.0001
P08G04_006,0.0,1.4285714285714287e-05,0.0,0.0001,0.0001,0.0,0.9575,0.0,0.0,0.0,0.0002,0.0,0.0407,0.0001,0.0
P08G04_007,0.5151,0.0002,0.0,0.0,0.00015,0.0,0.0011,0.2412,5e-05,0.0,0.2299,0.0106,0.0,0.0001,0.0001
P08G05_007,0.9541,0.0003142857142857143,0.0,0.0001,0.0,0.0,0.0011,0.0002,5e-05,0.0,0.042,0.0001,0.0,0.0,0.0
P08G06_006,0.0002,0.0,0.0,0.9942,5e-05,0.0,0.0003,0.0,0.00015000000000000001,0.0,0.0027,0.0017,0.0,0.0002,0.0
P08G06_007,0.0009,0.08691428571428571,0.0,0.0002,0.0,0.0,0.3882,0.0001,5e-05,0.0,0.0,0.0017,0.0,0.0,0.0003
P08G07_006,0.7666,0.02784285714285714,0.0,0.0,5e-05,0.0,0.0003,0.0001,5e-05,0.0,0.038,0.0,0.0,0.0,0.0
P08G07_007,0.525,0.0003142857142857143,0.0,0.0,5e-05,0.0,0.0002,0.0613,0.18465,0.0,0.0408,0.0011,0.0,0.0,0.0
P08G08_006,0.9556,0.00038571428571428567,0.0,0.0001,0.0,0.0,0.007,0.0,0.0002,0.0001,0.034,0.0001,0.0,0.0,0.0
P08G08_007,0.5179,0.00044285714285714284,0.00046666666666666666,0.0,0.0,0.0,0.305,0.0,0.0755,0.0,0.0215,0.0,0.0,0.0,0.0
P08G09_006,0.0003,1.4285714285714287e-05,0.0,0.0001,0.0,0.0,0.0773,0.0002,0.4584,0.0,0.0051,0.0,0.0,0.0,0.0
P08G09_007,0.0011,0.1276142857142857,0.0,0.0,0.0001,0.0,0.0007,0.0,0.00039999999999999996,0.0,0.103,0.0001,0.0,0.0,0.0003
P08G10_007,0.9027,0.00025714285714285715,3.3333333333333335e-05,0.0001,0.02235,0.0006,0.0006,0.0,0.0,0.0,0.0001,0.0489,0.0,0.0,0.0002
P08G11_006,0.3622,0.0,0.0,0.0,0.0,0.0,0.0002,0.0,0.3183,0.0,0.0001,0.0009,0.0,0.0,0.0
P08G11_007,0.4337,0.0002285714285714286,0.00013333333333333334,0.0001,0.03105,0.0,0.0003,0.0,0.2507,0.0,0.0001,0.0,0.0,0.0,0.0
P08H01_006,0.0003,0.021714285714285714,0.0,0.0,0.0,0.0,0.0001,0.0,5e-05,0.0,0.8384,0.0,0.0,0.0,0.0
P08H01_007,0.0003,4.285714285714286e-05,0.0,0.0,0.08919999999999999,0.0,0.7857,0.0,5e-05,0.0,0.0348,0.0001,0.0,0.0,0.0
P08H02_006,0.0,0.09521428571428571,0.0,0.0,0.0,0.0,0.0001,0.3106,5e-05,0.0001,0.0001,0.0224,0.0001,0.0,0.0
P08H02_007,0.0003,0.05408571428571429,0.0,0.0,5e-05,0.0001,0.6004,0.0,0.0,0.0,0.0002,0.0041,0.0155,0.0,0.0
P08H03_006,0.3898,1.4285714285714287e-05,0.0,0.0,0.0,0.0,0.0006,0.0001,0.30355,0.0,0.0,0.0,0.0,0.0,0.0
P08H03_007,0.5572,0.00014285714285714287,0.0,0.0,0.22035,0.0,0.0003,0.0,0.0001,0.0,0.0001,0.0,0.0,0.0,0.0003
P08H04_006,0.0003,0.0,0.0,0.0,0.0,0.0,0.9626,0.0001,0.0001,0.0,0.0,0.0,0.0356,0.0,0.0
P08H04_007,0.4225,0.00024285714285714283,0.0,0.0,0.2719,0.0,0.0008,0.0001,0.0,0.0,0.0297,0.001,0.0,0.0,0.0
P08H05_007,0.8122,0.00012857142857142858,0.0,0.0,5e-05,0.0,0.0007,0.0,0.0,0.0,0.0297,0.0001,0.0,0.0,0.0001
P08H06_006,0.0001,1.4285714285714287e-05,0.0,0.6706,0.0,0.0,0.0004,0.0001,5e-05,0.0,0.3275,0.0007,0.0,0.0001,0.0
P08H06_007,0.0005,0.00025714285714285715,0.0,0.0001,0.0,0.0,0.9962,0.0,0.0,0.0,0.0001,0.0011,0.0,0.0,0.0
P08H07_006,0.7936,0.0247,0.0,0.0,5e-05,0.0,0.0001,0.0001,0.0,0.0001,0.0332,0.0,0.0,0.0,0.0
P08H07_007,0.6675,0.0215,0.0,0.0,0.0775,0.0,0.0003,0.0001,0.0,0.0,0.0255,0.001,0.0,0.0,0.0
P08H08_006,0.0003,0.03785714285714286,0.0,0.0,0.0,0.0,0.6371,0.0,0.0,0.0001,0.0973,0.0,0.0,0.0,0.0
P08H08_007,0.4194,0.00030000000000000003,0.0,0.0,0.0259,0.0,0.156,0.0,0.16344999999999998,0.0,0.0436,0.0,0.0001,0.0,0.0
P08H09_006,0.0001,0.0,0.0,0.0,0.0001,0.0,0.0703,0.0001,0.46165,0.0,0.006,0.0,0.0,0.0,0.0
P08H09_007,0.0002,0.10278571428571427,0.0,0.0,0.00015,0.0,0.0001,0.0002,0.00030000000000000003,0.0,0.2782,0.0001,0.0,0.0,0.0005
P08H10_007,0.4277,7.142857142857143e-05,0.0,0.0,5e-05,0.0,0.0003,0.0001,0.0,0.0727,0.0001,0.0004,0.0002,0.0,0.0
P08H11_007,0.4901,0.00015714285714285716,0.0,0.0001,0.03495,0.2281,0.0005,0.0,0.0002,0.0,0.0001,0.0,0.0,0.0,0.0
P11A01_003,0.0008,2.8571428571428574e-05,6.666666666666667e-05,0.0002,0.0,0.0031,0.0,0.0,0.0,0.0,0.9947,0.0,0.0,0.0002,0.0
P11A02_003,0.0,8.571428571428571e-05,0.0,0.0,0.0,0.0,0.0003,0.252,0.0001,0.0,0.747,0.0,0.0,0.0,0.0
P11A03_003,0.0,0.07575714285714286,0.0,0.0,0.0,0.0,0.0002,0.0,5e-05,0.0,0.4691,0.0,0.0,0.0,0.0001
P11A04_003,0.0,4.2857142857142856e-05,0.18803333333333336,0.0,0.0001,0.0,0.0002,0.0,0.0,0.0002,0.4341,0.0,0.0,0.0,0.0
P11A05_003,0.001,7.142857142857143e-05,0.0,0.0,0.00025,0.0,0.0,0.0005,0.0005,0.982,0.0005,0.0135,0.0,0.0,0.0
P11A06_003,0.0,2.8571428571428574e-05,3.3333333333333335e-05,0.0,0.48705,0.0001,0.0,0.0,0.0,0.0,0.0001,0.0252,0.0,0.0,0.0
P11A07_003,0.0003,2.8571428571428574e-05,0.0001,0.0,0.0,0.0,0.0,0.0,0.40435,0.0,0.0,0.1902,0.0,0.0001,0.0
P11A08_003,0.6079,2.8571428571428574e-05,0.0,0.0,0.0001,0.0,0.3912,0.0002,0.0001,0.0,0.0,0.0,0.0,0.0,0.0
P11A10_003,0.5534,0.06371428571428571,3.3333333333333335e-05,0.0003,0.0,0.0,0.0,0.0,0.0,0.0,0.0,0.0,0.0,0.0,0.0
P11A11_003,0.0009,5.7142857142857135e-05,0.0,0.0,0.0,0.0,0.0,0.0,5e-05,0.0,0.9983,0.0001,0.0,0.0,0.0
P11A12_003,0.9993,1.4285714285714287e-05,0.0,0.0,0.0,0.0,0.0,0.0,5e-05,0.0,0.0,0.0,0.0,0.0,0.0
P11B01_003,0.0002,2.8571428571428574e-05,0.0,0.0001,0.0,0.0001,0.0001,0.0,5e-05,0.0,0.9262,0.0723,0.0,0.0,0.0001
P11B02_003,0.0,1.4285714285714287e-05,3.3333333333333335e-05,0.2198,0.0,0.0,0.0001,0.0001,0.0,0.0001,0.7795,0.0,0.0,0.0,0.0001
P11B03_003,0.0001,0.10965714285714287,3.3333333333333335e-05,0.0,0.0,0.0,0.0,0.0001,5e-05,0.0,0.2318,0.0,0.0,0.0,0.0
P11B04_003,0.0001,7.142857142857143e-05,0.0,0.0001,0.0,0.0,0.0,0.0,5e-05,0.0,0.1813,0.0001,0.0,0.0,0.0001
P11B05_003,0.0035,0.0007571428571428572,0.0,0.0018,0.026500000000000003,0.0018,0.0,0.0141,0.0009,0.8127,0.0018,0.1025,0.0018,0.0,0.0
P11B06_003,0.0001,0.13522857142857142,0.00016666666666666666,0.0,0.0,0.0001,0.0,0.0,0.0001,0.0,0.0001,0.0517,0.0,0.0,0.0004
P11B08_003,0.9976,2.8571428571428574e-05,0.0,0.0,0.0,0.0001,0.0001,0.0,0.0,0.0,0.0,0.0,0.0,0.0,0.0017
P11B09_003,0.457,2.8571428571428574e-05,0.0,0.0,0.00025,0.0,0.0,0.0,0.27094999999999997,0.0,0.0001,0.0,0.0,0.0,0.0001
P11B10_003,0.815,0.025814285714285713,0.0,0.0,0.00045,0.0,0.0,0.0001,0.00019999999999999998,0.0,0.0029,0.0,0.0,0.0,0.0
P11B11_003,0.0,8.571428571428571e-05,0.0,0.0,0.0,0.0,0.0,0.0,0.00015,0.0,0.9983,0.0,0.0,0.0,0.0
P11B12_003,0.9962,0.00018571428571428572,0.0001333333333333333,0.0,0.0002,0.0,0.0,0.0,0.0004,0.0,0.0001,0.0,0.0,0.0,0.0
P11C01_003,0.8434,0.0,0.0,0.0,0.0,0.0,0.0003,0.0,0.0,0.0,0.1558,0.0,0.0,0.0001,0.0
P11C02_003,0.0001,4.285714285714286e-05,0.0,0.0002,0.0,0.6211,0.0,0.0,5e-05,0.0,0.3777,0.0,0.0,0.0,0.0
P11C03_003,0.0001,0.007442857142857144,3.3333333333333335e-05,0.0,0.0,0.0,0.0003,0.0001,0.0,0.0,0.9469,0.0,0.0,0.0,0.0001
P11C05_003,0.0,2.8571428571428574e-05,0.00013333333333333334,0.0001,0.0,0.0002,0.0,0.8929,0.0,0.0001,0.0,0.1053,0.0001,0.0001,0.0
P11C06_003,0.0004,0.1093857142857143,0.0002666666666666667,0.0,5e-05,0.0002,0.0001,0.0001,0.00025,0.0,0.0,0.2316,0.0,0.0,0.0
P11C07_003,0.0005,8.571428571428573e-05,0.3318,0.0,5e-05,0.0002,0.0,0.0,5e-05,0.0,0.0001,0.003,0.0,0.0001,0.0001
P11C08_003,0.743,0.0,3.3333333333333335e-05,0.0,0.0,0.0001,0.0001,0.0,0.0,0.2558,0.0,0.0,0.0,0.0,0.0
P11C09_003,0.5193,0.0001142857142857143,0.0,0.0,0.23935,0.0,0.0001,0.0001,0.00035,0.0,0.0,0.0,0.0,0.0,0.0
P11C10_003,0.5664,2.8571428571428574e-05,6.666666666666667e-05,0.0,0.0,0.0,0.0001,0.0,0.21645,0.0,0.0,0.0,0.0001,0.0,0.0
P11C11_003,0.0049,2.8571428571428574e-05,0.0,0.0,0.0006,0.0,0.0001,0.0,0.0024,0.0,0.9886,0.0,0.0,0.0,0.0001
P11D01_003,0.0001,2.8571428571428574e-05,0.0,0.0,5e-05,0.0002,0.0001,0.0001,0.0,0.0001,0.9987,0.0,0.0,0.0,0.0
P11D02_003,0.0003,2.8571428571428574e-05,0.0,0.0,0.0,0.0,0.0,0.0,0.0,0.0,0.4156,0.0,0.0,0.5837,0.0
P11D03_003,0.0,0.07705714285714285,0.0,0.0,0.0,0.0,0.0,0.0,5e-05,0.0001,0.46,0.0,0.0,0.0001,0.0
P11D04_003,0.0426,0.021285714285714286,0.0,0.0213,0.0,0.0213,0.0,0.0,0.0213,0.0,0.0851,0.5957,0.0,0.0,0.0
P11D05_003,0.0003,5.714285714285715e-05,0.0,0.988,0.0,0.0,0.0,0.0001,0.0,0.0,0.0,0.011,0.0,0.0001,0.0
P11D06_003,0.0001,0.13768571428571427,0.0,0.0,0.0,0.0,0.0,0.0,0.0,0.0,0.0001,0.0324,0.0001,0.0,0.0
P11D07_003,0.0004,5.7142857142857135e-05,3.3333333333333335e-05,0.0,0.0,0.0,0.0,0.0,5e-05,0.0,0.0,0.0051,0.0,0.0001,0.0
P11D08_003,0.9839,7.142857142857143e-05,0.0,0.0,0.0077,0.0,0.0,0.0,0.0,0.0,0.0,0.0,0.0,0.0,0.0
P11D09_003,0.2576,0.10598571428571427,0.0,0.0,0.0,0.0,0.0001,0.0,5e-05,0.0001,0.0,0.0,0.0,0.0,0.0
P11D12_003,0.9996,1.4285714285714287e-05,0.0,0.0,0.0,0.0,0.0,0.0,0.0,0.0,0.0,0.0,0.0,0.0,0.0
P11E01_003,0.0002,0.0,0.0,0.0,0.0,0.0,0.7103,0.0,0.0,0.0,0.2892,0.0001,0.0,0.0,0.0001
P11E03_003,0.0002,0.1329142857142857,0.0,0.0,5e-05,0.0001,0.0001,0.0,0.0,0.0,0.0691,0.0,0.0,0.0,0.0
P11E04_003,0.915,2.8571428571428574e-05,3.3333333333333335e-05,0.0,5e-05,0.0,0.0,0.0,5e-05,0.0,0.0001,0.0838,0.0,0.0,0.0
P11E06_003,0.0002,0.06451428571428572,0.0,0.0003,0.0,0.0003,0.0002,0.0,0.0,0.0,0.0001,0.5473,0.0,0.0,0.0
P11E08_003,0.5409,7.142857142857143e-05,0.0,0.0,0.0,0.0,0.0,0.4585,0.0,0.0,0.0001,0.0,0.0,0.0,0.0
P11E09_003,0.6772,0.046014285714285716,3.3333333333333335e-05,0.0,0.0001,0.0,0.0001,0.0001,5e-05,0.0,0.0,0.0,0.0,0.0,0.0
P11E10_003,0.5589,7.142857142857143e-05,0.1468,0.0,0.0,0.0,0.0,0.0,0.0,0.0,0.0,0.0,0.0,0.0,0.0
P11E11_003,0.4014,0.007028571428571428,0.0094,0.0,0.12675,0.007,0.0,0.0,0.1021,0.0,0.0211,0.007,0.007,0.007,0.007
P11F01_003,0.0001,0.00037142857142857143,0.0,0.0,0.0,0.0001,0.0065,0.0,0.0,0.0,0.9052,0.0,0.0,0.0003,0.0849
P11F02_003,0.0,0.00012857142857142858,0.0,0.0,0.0,0.0,0.0,0.0,0.034550000000000004,0.0,0.93,0.0,0.0,0.0,0.0
P11F03_003,0.0001,0.017714285714285714,0.0,0.0,0.0,0.0,0.0001,0.0001,0.0,0.0,0.8755,0.0001,0.0001,0.0,0.0002
P11F04_003,0.0007,0.0001,0.0,0.0,0.0,0.0,0.0,0.0,0.00075,0.0007,0.0,0.9949,0.0,0.0007,0.0007
P11F05_003,0.0001,2.8571428571428574e-05,0.0,0.0,0.0,0.0,0.0,0.0,0.0001,0.0,0.0001,0.0195,0.0,0.9797,0.0001
P11F08_003,0.987,2.8571428571428574e-05,0.0,0.012,0.0,0.0,0.0001,0.0,5e-05,0.0,0.0002,0.0,0.0,0.0002,0.0
P11F09_003,0.5167,0.06899999999999999,0.0,0.0,0.0,0.0,0.0001,0.0,0.0,0.0,0.0,0.0,0.0,0.0001,0.0001
P11F10_003,0.3684,4.285714285714286e-05,0.0,0.0,0.0,0.0001,0.0,0.0,5e-05,0.0,0.0,0.0,0.0,0.0,0.0
P11F11_003,0.3616,0.007242857142857142,0.0,0.0113,0.0367,0.0,0.0056,0.0,0.0056,0.0,0.0169,0.2712,0.0,0.0621,0.0113
P11G01_003,0.0,0.0001142857142857143,0.0,0.0,5e-05,0.0001,0.0,0.0,0.0,0.5222,0.4767,0.0,0.0,0.0,0.0
P11G02_003,0.0,0.0,9.999999999999999e-05,0.0,0.29725,0.0,0.0005,0.0002,0.0004,0.0,0.4035,0.0,0.0,0.0,0.0
P11G03_003,0.0,0.00010000000000000002,6.666666666666667e-05,0.0,0.0,0.0001,0.0016,0.0,0.27155,0.0,0.4541,0.0,0.0,0.0,0.0001
P11G04_003,0.0001,1.4285714285714287e-05,0.0,0.0,0.0,0.0,0.982,0.0,0.001,0.0001,0.001,0.0138,0.0003,0.0,0.0003
P11G05_003,0.0,2.8571428571428574e-05,0.0,0.0,5e-05,0.0,0.0001,0.0,5e-05,0.0,0.0,0.0934,0.8988,0.0003,0.0
P11G06_003,0.0,0.14112857142857144,0.0,0.0,5e-05,0.0,0.0,0.0,0.0,0.0,0.0,0.0119,0.0,0.0,0.0
P11G07_003,0.9985,2.8571428571428574e-05,6.666666666666667e-05,0.0,0.0001,0.0001,0.0004,0.0,0.0001,0.0001,0.0,0.0,0.0001,0.0,0.0
P11G08_003,0.5463,2.8571428571428574e-05,0.0,0.0,0.0,0.4516,0.0001,0.0,5e-05,0.0,0.0003,0.0004,0.0,0.0003,0.0002
P11G11_003,0.3751,0.008871428571428572,0.011133333333333334,0.0,0.0823,0.0012,0.0023,0.0,0.0161,0.0,0.0196,0.1542,0.0,0.1519,0.0
P11H01_003,0.0,0.00014285714285714287,0.0,0.0,0.00125,0.0,0.0001,0.0003,0.0,0.0002,0.9959,0.0,0.0,0.0,0.0
P11H02_003,0.0001,0.09737142857142857,3.3333333333333335e-05,0.0,5e-05,0.0001,0.0,0.0,0.0,0.0001,0.3175,0.0,0.0,0.0,0.0001
P11H04_003,0.0,0.0003428571428571429,3.3333333333333335e-05,0.0,0.0,0.0002,0.0004,0.0008,0.0,0.0001,0.0006,0.0107,0.0,0.0002,0.9841
P11H07_003,0.9971,5.714285714285715e-05,0.0,0.0,0.0,0.0,0.0001,0.0002,0.0,0.0,0.0002,0.0,0.0,0.0017,0.0
P11H08_003,0.473,0.00011428571428571427,3.3333333333333335e-05,0.0,0.0,0.0,0.0001,0.0001,0.0,0.0,0.0004,0.0038,0.0,0.5215,0.0
P11H09_003,0.8145,0.026357142857142853,3.3333333333333335e-05,0.0,5e-05,0.0002,0.0,0.0001,0.0,0.0001,0.0002,0.0001,0.0,0.0002,0.0
P11H11_003,0.4545,0.011,0.0047,0.0017,0.0146,0.0037,0.0,0.0091,0.14925,0.0047,0.0071,0.0514,0.0,0.0484,0.0003
P12A03_003,0.0006,0.14235714285714288,0.0,0.0,0.0,0.0001,0.0001,0.0,0.0,0.0,0.0,0.0,0.0,0.0,0.0
P12A04_003,0.0,0.0,0.33303333333333335,0.0,0.0,0.0,0.0003,0.0,0.0,0.0,0.0001,0.0,0.0,0.0,0.0
P12A05_003,0.0,0.0,3.3333333333333335e-05,0.0003,5e-05,0.0,0.9696,0.0,0.0,0.0298,0.0001,0.0,0.0,0.0,0.0
P12A06_003,0.0,1.4285714285714287e-05,0.0,0.0,0.10285,0.0,0.7939,0.0,0.0,0.0,0.0002,0.0,0.0001,0.0,0.0
P12A08_003,0.0001,1.4285714285714287e-05,0.0,0.0,0.0,0.0,0.9886,0.0,0.0,0.0001,0.0001,0.0,0.0,0.0,0.0109
P12B02_003,0.0003,0.0,0.0,0.9997,0.0,0.0,0.0,0.0,0.0,0.0,0.0,0.0,0.0,0.0,0.0
P12B03_003,0.0001,0.14274285714285714,0.0,0.0,0.0,0.0,0.0,0.0,5e-05,0.0,0.0001,0.0,0.0,0.0,0.0001
P12B04_003,0.0001,1.4285714285714287e-05,0.0,0.0001,0.0,0.0003,0.0,0.0,0.0,0.0,0.0,0.0,0.0,0.0,0.0001
P12B05_003,0.0,4.285714285714286e-05,0.0,0.0,0.0001,0.0,0.9994,0.0,0.0,0.0,0.0,0.0,0.0,0.0001,0.0
P12B06_003,0.0001,0.07407142857142857,0.0,0.0001,0.0,0.0,0.4805,0.0,0.0,0.0,0.0,0.0,0.0003,0.0,0.0001
P12B08_003,0.0,1.4285714285714287e-05,0.0,0.0,0.0,0.0,0.0001,0.0,0.00015,0.0,0.0,0.0,0.0,0.0,0.9994
P12B09_003,0.0,2.8571428571428574e-05,0.0,0.0,5e-05,0.0,0.0,0.0,0.4943,0.0,0.0,0.0,0.0001,0.0,0.0109
P12B10_003,0.0,0.042628571428571425,3.3333333333333335e-05,0.0,0.0,0.0,0.0,0.0,0.0,0.0001,0.0,0.0,0.0,0.0,0.7014
P12B12_003,0.0004,1.4285714285714287e-05,9.999999999999999e-05,0.0,0.0,0.0,0.0,0.0,0.0,0.0,0.0,0.0,0.0,0.0,0.9991
P12C05_003,0.0001,0.0,0.0,0.0,0.0,0.0,0.9678,0.0321,0.0,0.0,0.0,0.0,0.0,0.0,0.0
P12C06_003,0.0001,0.015042857142857144,0.0,0.0,0.0,0.0,0.8945,0.0,5e-05,0.0,0.0,0.0,0.0,0.0,0.0
P12C07_003,0.0,0.0,0.06369999999999999,0.0,0.0,0.0,0.8085,0.0,5e-05,0.0001,0.0002,0.0,0.0,0.0,0.0001
P12C08_003,0.0001,1.4285714285714287e-05,0.0023,0.0,5e-05,0.0,0.0,0.0001,5e-05,0.1361,0.0,0.0,0.0,0.0,0.8565
P12C09_003,0.0001,5.714285714285715e-05,0.0,0.0,0.3976,0.0001,0.0,0.0,0.00025,0.0,0.0,0.0,0.0,0.0,0.2035
P12C10_003,0.0001,1.4285714285714287e-05,0.0,0.0,0.0,0.0,0.0001,0.0,0.43,0.0,0.0,0.0,0.0001,0.0,0.1395
P12C12_003,0.0,2.8571428571428574e-05,0.0,0.0,0.0,0.0,0.0,0.0,0.0,0.0,0.0,0.0,0.0,0.0,0.9998
P12D03_003,0.0001,0.1421,3.3333333333333335e-05,0.0,0.0,0.0,0.0001,0.0,0.0,0.0001,0.0,0.0,0.0004,0.0,0.0
P12D05_003,0.0,1.4285714285714287e-05,0.0,0.0518,0.0,0.0,0.948,0.0,0.0,0.0001,0.0,0.0,0.0,0.0,0.0
P12D06_003,0.0001,0.09238571428571428,0.0,0.0001,0.0,0.0,0.3529,0.0,5e-05,0.0,0.0,0.0,0.0001,0.0,0.0
P12D07_003,0.0001,1.4285714285714287e-05,0.0,0.0,0.0,0.0,0.5282,0.0,0.0,0.0,0.0,0.0,0.0,0.0,0.0001
P12D09_003,0.0001,0.1415857142857143,0.0,0.0001,5e-05,0.0,0.0,0.0,0.0,0.0,0.0,0.0,0.0,0.0,0.0086
P12E01_003,0.0001,0.0,0.0,0.0,0.0,0.0,0.9996,0.0,5e-05,0.0,0.0,0.0,0.0,0.0,0.0001
P12E03_003,0.0002,0.1428,3.3333333333333335e-05,0.0,0.0,0.0,0.0,0.0,0.0,0.0,0.0,0.0,0.0,0.0,0.0001
P12E05_003,0.0,2.8571428571428574e-05,0.0,0.0001,0.0,0.087,0.9127,0.0,0.0,0.0,0.0001,0.0001,0.0,0.0,0.0
P12E06_003,0.0001,0.0057714285714285714,0.0,0.0,0.0,0.0,0.9594,0.0,0.0,0.0,0.0,0.0,0.0001,0.0,0.0
P12E08_003,0.0001,1.4285714285714287e-05,0.0,0.0,5e-05,0.0002,0.0001,0.3891,0.0001,0.0,0.0,0.0,0.0,0.0,0.61
P12E09_003,0.0001,0.12198571428571428,3.3333333333333335e-05,0.0,0.0,0.0,0.0004,0.0,0.0,0.0,0.0,0.0,0.0,0.0,0.1453
P12E10_003,0.0003,0.0,0.3308333333333333,0.0,0.0,0.0,0.0,0.0,0.0,0.0,0.0,0.0,0.0001,0.0,0.0071
P12E11_003,0.0003,4.285714285714286e-05,3.3333333333333335e-05,0.0,0.0,0.0,0.999,0.0,0.0001,0.0,0.0001,0.0,0.0001,0.0,0.0
P12F01_003,0.0035,1.4285714285714287e-05,0.0,0.0,0.0,0.0001,0.0,0.0,0.0,0.0,0.0,0.0,0.0001,0.0,0.9961
P12F05_003,0.0001,1.4285714285714287e-05,0.0,0.0,0.0,0.0001,0.9911,0.0,0.0,0.0,0.0,0.0,0.0,0.0087,0.0
P12F06_003,0.0003,0.0486,0.0,0.0,0.0,0.0,0.6596,0.0,0.0,0.0,0.0,0.0,0.0,0.0,0.0
P12F08_003,0.0,2.8571428571428574e-05,0.0,0.5433,0.0,0.0,0.0001,0.0001,0.0,0.0,0.0,0.0,0.0,0.0001,0.4563
P12F09_003,0.0,0.1426,0.0,0.0,5e-05,0.0,0.0,0.0,0.0,0.0001,0.0,0.0,0.0,0.0001,0.0015
P12F10_003,0.0,8.571428571428571e-05,0.0,0.0,0.0,0.0,0.0,0.0,0.0,0.0,0.0,0.0,0.0,0.0,0.0072
P12F11_003,0.0001,2.8571428571428574e-05,0.0,0.0,0.0,0.0,0.9997,0.0,0.0,0.0,0.0001,0.0,0.0,0.0,0.0
P12G01_003,0.0002,0.0014,0.0,0.0,0.0,0.0,0.0004,0.0,0.0,0.9891,0.0,0.0,0.0,0.0,0.0
P12G02_003,0.0,0.0,0.0,0.0001,0.4998,0.0,0.0,0.0,0.0,0.0,0.0,0.0,0.0,0.0,0.0
P12G03_003,0.0001,4.285714285714286e-05,0.0,0.0,0.00015,0.0001,0.0,0.0,0.49955,0.0,0.0001,0.0,0.0,0.0,0.0
P12G04_003,0.0,0.0,3.3333333333333335e-05,0.0,0.0,0.0,0.9999,0.0,0.0,0.0,0.0,0.0,0.0,0.0,0.0
P12G05_003,0.0,1.4285714285714287e-05,0.0,0.0001,0.0,0.0,0.9467,0.0,0.0,0.0001,0.0001,0.0,0.0496,0.0,0.0
P12G06_003,0.0005,0.09061428571428572,0.0,0.0,0.0,0.0,0.3652,0.0,0.0,0.0,0.0,0.0,0.0,0.0,0.0
P12G08_003,0.0001,2.8571428571428574e-05,0.0,0.0,0.0,0.7312,0.0,0.0001,0.0,0.0,0.0,0.0,0.0001,0.0,0.2596
P12G11_003,0.0,0.0,0.0,0.0,0.0,0.0,1.0,0.0,0.0,0.0,0.0,0.0,0.0,0.0,0.0
P12H01_003,0.0007,0.0,0.0,0.0,0.05465,0.0,0.0,0.0,0.0,0.8854,0.0,0.0,0.0,0.0,0.0007
P12H02_003,0.0,0.14212857142857144,3.3333333333333335e-05,0.0,0.0,0.0,0.0001,0.0,5e-05,0.0,0.0,0.0001,0.0,0.0,0.0
P12H05_003,0.0,4.285714285714286e-05,0.0,0.0,0.0,0.0,0.9856,0.0,0.007,0.0,0.0,0.0,0.0,0.0001,0.0001
P12H06_003,0.0003,0.0141,0.0,0.0,0.0,0.0,0.9001,0.0,0.0,0.0,0.0,0.0,0.0,0.0,0.0003
P12H08_003,0.0,1.4285714285714287e-05,3.3333333333333335e-05,0.0,5e-05,0.0,0.0,0.0,5e-05,0.0,0.0,0.0,0.0,0.493,0.5066
P12H09_003,0.0,0.13322857142857142,0.0,0.0,0.0,0.0,0.0,0.0,0.0001,0.0,0.0,0.0,0.0,0.0,0.0672
P12H11_003,0.0,0.0,6.666666666666667e-05,0.0,0.0,0.0,0.9996,0.0,5e-05,0.0,0.0,0.0,0.0,0.0,0.0
P15A03_004,0.0004,0.0001142857142857143,0.00013333333333333334,0.0,0.0,0.0,0.0002,0.0,0.0001,0.0002,0.997,0.0,0.0002,0.0,0.0004
P15A04_004,0.0004,0.0001142857142857143,0.0,0.0002,0.0,0.0007,0.0,0.0,0.0,0.0,0.0,0.0,0.0,0.0,0.9976
P15A05_004,0.0026,2.8571428571428574e-05,3.3333333333333335e-05,0.0,0.0,0.9961,0.0,0.0,5e-05,0.0004,0.0002,0.0,0.0001,0.0001,0.0
P15A06_004,0.9983,0.00011428571428571427,6.666666666666667e-05,0.0,0.0,0.0002,0.0002,0.0,0.0,0.0002,0.0,0.0,0.0002,0.0,0.0
P15A07_004,0.0,1.4285714285714287e-05,6.666666666666667e-05,0.0,0.0,0.0,0.0001,0.0,0.0,0.0,0.0,0.0,0.0,0.0,0.0
P15A08_004,0.0006,8.571428571428573e-05,0.0,0.0002,0.4986,0.0007,0.0,0.0002,0.0,0.0004,0.0,0.0,0.0,0.0,0.0002
P15A09_004,0.0,0.14272857142857143,0.0,0.0,0.0001,0.0,0.0,0.0001,5e-05,0.0001,0.0001,0.0,0.0002,0.0,0.0
P15A10_004,0.0,0.14274285714285714,0.0,0.0,5e-05,0.0,0.0001,0.0,0.00015,0.0001,0.0,0.0,0.0,0.0,0.0
P15A11_004,0.0001,0.00024285714285714283,0.0,0.0,5e-05,0.0,0.0,0.0,0.499,0.0001,0.0,0.0,0.0,0.0,0.0001
P15A12_004,0.2308,0.027485714285714283,0.08973333333333333,0.0,0.0,0.0,0.0,0.0,0.0577,0.0385,0.0,0.0,0.0,0.0,0.0
P15B03_004,0.0003,0.00011428571428571427,0.0,0.0,0.0,0.0,0.0001,0.0,5e-05,0.0005,0.9981,0.0,0.0,0.0,0.0001
P15B04_004,0.0,2.8571428571428574e-05,0.0,0.0,0.0001,0.0,0.0,0.9989,0.0,0.0005,0.0002,0.0,0.0,0.0,0.0002
P15B05_004,0.0,0.0,0.00019999999999999998,0.0,0.00015,0.9963,0.0,0.0,0.00015,0.0003,0.0003,0.0,0.0006,0.0006,0.0006
P15B06_004,0.9993,7.142857142857143e-05,0.0,0.0,0.0,0.0,0.0001,0.0,0.0,0.0,0.0,0.0,0.0,0.0,0.0
P15B07_004,0.0009,2.8571428571428574e-05,0.33283333333333337,0.0,5e-05,0.0,0.0,0.0,0.0,0.0001,0.0001,0.0,0.0,0.0,0.0
P15B08_004,0.0,0.0005142857142857143,6.666666666666667e-05,0.0002,0.49595,0.0003,0.0,0.0006,0.0,0.0002,0.0,0.0,0.0,0.0006,0.0024
P15B09_004,0.0008,0.14168571428571428,0.0011,0.0,0.00025,0.0,0.0009,0.0,0.0003,0.0002,0.0002,0.0001,0.0004,0.0,0.0
P15B10_004,0.0002,0.14275714285714286,0.0,0.0,0.0,0.0,0.0,0.0,5e-05,0.0001,0.0002,0.0,0.0,0.0,0.0
P15B11_004,0.0003,7.142857142857143e-05,3.3333333333333335e-05,0.0,5e-05,0.0,0.0,0.0,0.4993,0.0004,0.0,0.0,0.0,0.0,0.0
P15B12_004,0.0,0.0,0.11109999999999999,0.0,0.0,0.0,0.0,0.1667,0.0,0.0,0.0,0.0,0.0,0.0,0.0
P15C03_004,0.0005,8.571428571428573e-05,0.0002,0.0,5e-05,0.0001,0.0001,0.0,5e-05,0.0002,0.9974,0.0,0.0001,0.0,0.0
P15C05_004,0.0003,0.00011428571428571427,0.0001333333333333333,0.0,5e-05,0.0001,0.0027,0.0001,0.0,0.0001,0.0001,0.0,0.0004,0.9944,0.0004
P15C06_004,0.9944,0.00015714285714285713,0.0013,0.0,0.00015,0.0,0.0,0.0,0.0001,0.0,0.0,0.0,0.0,0.0,0.0002
P15C07_004,0.0002,0.00012857142857142858,0.3328,0.0,5e-05,0.0,0.0,0.0,0.0,0.0002,0.0,0.0,0.0,0.0,0.0
P15C08_004,0.0,0.14274285714285714,0.0,0.0,5e-05,0.0,0.0,0.0,5e-05,0.0001,0.0001,0.0,0.0,0.0002,0.0
P15C09_004,0.0002,0.14268571428571428,3.3333333333333335e-05,0.0,5e-05,0.0,0.0,0.0,0.0,0.0003,0.0001,0.0001,0.0,0.0,0.0001
P15C10_004,0.0001,0.14281428571428573,3.3333333333333335e-05,0.0,0.0,0.0,0.0,0.0,0.0,0.0,0.0,0.0,0.0,0.0,0.0
P15C11_004,0.0002,0.00010000000000000002,0.3311,0.0,0.0,0.0,0.0,0.0,0.0,0.0001,0.0001,0.0,0.0,0.0,0.0
P15C12_004,0.0,0.028571428571428574,0.13333333333333333,0.0,0.0,0.0,0.0,0.0,0.1,0.0,0.0,0.0,0.0,0.0,0.1
P15D03_004,0.001,0.00021428571428571425,0.00019999999999999998,0.0,0.0,0.0,0.0013,0.1279,0.00015,0.0003,0.001,0.1136,0.0,0.0003,0.7519
P15D05_004,0.0001,0.0,0.0,0.0001,0.0001,0.0001,0.0,0.0,0.0001,0.0003,0.0,0.0,0.0001,0.9988,0.0002
P15D06_004,0.0,8.571428571428573e-05,0.0001,0.0,0.0,0.0002,0.9981,0.0,5e-05,0.0001,0.0,0.0,0.0,0.0,0.0
P15D07_004,0.0001,0.0,0.3332,0.0,0.0,0.0,0.0,0.0001,5e-05,0.0,0.0,0.0,0.0,0.0,0.0
P15D08_004,0.0001,0.1427142857142857,0.0,0.0,0.0,0.0001,0.0,0.0001,5e-05,0.0002,0.0,0.0,0.0,0.0001,0.0002
P15D09_004,0.0001,0.14272857142857143,3.3333333333333335e-05,0.0,0.00015,0.0001,0.0,0.0001,0.0,0.0003,0.0,0.0,0.0001,0.0001,0.0
P15D10_004,0.0001,0.14277142857142858,0.0,0.0001,5e-05,0.0,0.0,0.0,0.0,0.0,0.0,0.0,0.0,0.0001,0.0001
P15D11_004,0.0,4.285714285714286e-05,0.3323,0.0001,0.0,0.0,0.0,0.0,0.0,0.0004,0.0,0.0,0.0,0.0,0.0
P15E03_004,0.018,0.027414285714285717,0.03886666666666667,0.0,0.0047,0.0,0.0523,0.0026,0.01285,0.0017,0.0034,0.5536,0.0034,0.0017,0.0
P15E04_004,0.0002,2.8571428571428574e-05,6.666666666666667e-05,0.9949,0.0,0.0002,0.0005,0.0008,0.0,0.0002,0.0003,0.0,0.0002,0.0,0.0025
P15E05_004,0.0,2.8571428571428574e-05,0.0,0.0001,0.0,0.0002,0.0001,0.0,0.0001,0.0002,0.0001,0.0,0.0,0.9985,0.0002
P15E06_004,0.0003,5.7142857142857135e-05,3.3333333333333335e-05,0.0,0.0,0.0001,0.9984,0.0,5e-05,0.0003,0.0,0.0,0.0,0.0,0.0003
P15E09_004,0.0002,0.1426,6.666666666666667e-05,0.0002,0.00015,0.0,0.0002,0.0,0.00015,0.0001,0.0,0.0,0.0003,0.0001,0.0
P15E10_004,0.0003,0.14168571428571428,0.0,0.0001,5e-05,0.0,0.0,0.0,0.0,0.0,0.0001,0.0,0.0,0.0,0.0
P15E11_004,0.0001,7.142857142857143e-05,0.3314,0.0002,0.0,0.0,0.0,0.0001,5e-05,0.0,0.0,0.0,0.0,0.0001,0.0
P15E12_014,0.3269,0.0003428571428571429,0.2159333333333333,0.0,0.0,0.0002,0.0,0.0204,0.0004,0.0,0.0002,0.0,0.0004,0.0002,0.0002
P15F03_004,0.0041,0.0,0.0027333333333333337,0.0,0.0041,0.0,0.0083,0.0,0.00205,0.0083,0.0,0.9585,0.0,0.0,0.0
P15F04_004,0.0,2.8571428571428574e-05,0.0,0.9982,0.0,0.0,0.0004,0.0002,0.0001,0.0002,0.0,0.0002,0.0002,0.0,0.0002
P15F05_004,0.0003,4.285714285714286e-05,0.0,0.0001,5e-05,0.0,0.0,0.0001,5e-05,0.0004,0.0,0.0,0.9981,0.0,0.0
P15F06_004,0.0,7.142857142857143e-05,0.0,0.0,0.0,0.0,0.9991,0.0,0.0,0.0,0.0001,0.0,0.0,0.0,0.0001
P15F08_004,0.0001,0.14265714285714284,3.3333333333333335e-05,0.0002,0.0,0.0001,0.0002,0.0001,0.0,0.0002,0.0,0.0,0.0,0.0001,0.0
P15F09_004,0.0,0.14264285714285713,3.3333333333333335e-05,0.0,0.0002,0.0,0.0,0.0,0.0002,0.0004,0.0,0.0,0.0,0.0,0.0
P15F10_004,0.0,0.14141428571428571,0.0,0.0,0.00035,0.0,0.0002,0.0,0.0002,0.0002,0.0,0.0,0.0,0.0,0.0002
P15F11_004,0.0,7.142857142857143e-05,3.3333333333333335e-05,0.0,0.4995,0.0,0.0,0.0,5e-05,0.0002,0.0,0.0,0.0,0.0,0.0
P15F11_014,0.0002,0.0,0.0009000000000000001,0.0,0.0,0.0,0.9964,0.0,0.0001,0.0,0.0004,0.0,0.0,0.0,0.0
P15G03_004,0.0,7.142857142857143e-05,0.0,0.0,0.0,0.0,0.001,0.0001,0.00015,0.0003,0.0,0.0,0.0,0.0,0.9978
P15G04_004,0.0,0.0,0.0,0.9982,0.0001,0.0002,0.0,0.0002,0.0001,0.0004,0.0004,0.0,0.0002,0.0,0.0002
P15G05_004,0.0001,1.4285714285714287e-05,0.0,0.0,0.00019999999999999998,0.0001,0.0,0.0,0.0001,0.0003,0.0,0.0,0.998,0.0006,0.0001
P15G06_004,0.0002,7.142857142857143e-05,0.0,0.0,0.0,0.0,0.0002,0.0,0.00015,0.0,0.0,0.0,0.0,0.0,0.0
P15G07_004,0.0016,0.0,0.00016666666666666666,0.0,0.0,0.0,0.0,0.0,0.49835,0.0005,0.0,0.0,0.0,0.0,0.0
P15G08_004,0.0,0.14268571428571428,0.0,0.0004,0.0,0.0,0.0,0.0002,0.00030000000000000003,0.0,0.0,0.0,0.0,0.0002,0.0
P15G09_004,0.0,0.1427,0.0,0.0,5e-05,0.0,0.0,0.0,0.00015000000000000001,0.0002,0.0,0.0,0.0002,0.0001,0.0
P15G10_004,0.0,0.14167142857142856,0.0,0.0,0.00015,0.0,0.0,0.0,0.0001,0.0002,0.0,0.0,0.0,0.0,0.0
P15G11_004,0.0125,0.008928571428571428,0.008333333333333333,0.0,0.41875,0.0,0.0125,0.0,0.0,0.05,0.0,0.0,0.0,0.0,0.0
P15H03_004,0.0001,2.8571428571428574e-05,6.666666666666667e-05,0.0,5e-05,0.0,0.0001,0.0,0.0,0.0,0.0,0.0,0.0,0.0,0.9992
P15H04_004,0.0,2.8571428571428574e-05,0.0,0.0005,0.0,0.9985,0.0,0.0,0.0,0.0003,0.0,0.0,0.0,0.0,0.0005
P15H05_004,0.0,1.4285714285714287e-05,0.0,0.0,5e-05,0.0001,0.0,0.0,5e-05,0.0003,0.0,0.0,0.9992,0.0,0.0
P15H06_004,0.0,0.0,0.0,0.0,0.0,0.0,0.0006,0.0,0.00015,0.0,0.0,0.0,0.0003,0.0,0.0003
P15H07_004,0.0,0.0,0.0,0.0,0.4999,0.0,0.0,0.0,5e-05,0.0001,0.0,0.0,0.0,0.0,0.0
P15H08_004,0.0,0.14261428571428572,0.0,0.0004,0.0001,0.0004,0.0,0.0,0.0,0.0,0.0,0.0,0.0002,0.0002,0.0
P15H09_004,0.0001,0.14275714285714286,0.0,0.0,5e-05,0.0,0.0,0.0,0.0,0.0003,0.0,0.0,0.0001,0.0,0.0
P15H10_004,0.0,1.4285714285714287e-05,0.0,0.0,5e-05,0.0,0.0001,0.0,0.49985,0.0,0.0,0.0,0.0,0.0,0.0
P15H11_004,0.0625,0.0,0.0,0.0,0.4375,0.0,0.0,0.0,0.0,0.0,0.0625,0.0,0.0,0.0,0.0
P16A01_007,0.4852,9.999999999999998e-05,0.0,0.0,0.00845,0.0,0.0002,0.0,0.0,0.0,0.0,0.0001,0.0,0.4968,0.0
P16A02_007,0.356,7.142857142857143e-05,0.0,0.0,0.15639999999999998,0.0,0.3001,0.0,0.0,0.0,0.0281,0.0024,0.0,0.0,0.0001
P16A03_007,0.4891,5.7142857142857135e-05,0.0,0.0,0.0002,0.0,0.437,0.0703,0.0,0.0,0.0,0.0026,0.0,0.0,0.0001
P16A04_007,0.9411,8.571428571428573e-05,0.0,0.0,0.0,0.0,0.0002,0.0,0.0,0.0,0.0578,0.0001,0.0001,0.0001,0.0
P16A05_007,0.529,7.142857142857143e-05,0.0,0.0,0.0,0.0,0.4668,0.0,0.0,0.0,0.0,0.0037,0.0,0.0,0.0
P16A06_007,0.998,8.571428571428573e-05,0.0,0.0,0.0,0.0,0.0003,0.0002,0.0,0.0,0.0002,0.0,0.0,0.0001,0.0006
P16A10_007,0.0001,7.142857142857143e-05,0.0,0.0,0.0,0.0001,0.0003,0.9987,5e-05,0.0001,0.0001,0.0,0.0,0.0,0.0
P16A11_007,0.0001,5.7142857142857135e-05,0.0,0.0,0.49745,0.0001,0.0001,0.0,0.0,0.0,0.0001,0.0,0.0,0.0001,0.0
P16A12_007,0.0003,0.1427142857142857,6.666666666666667e-05,0.0,5e-05,0.0,0.0,0.0,5e-05,0.0,0.0,0.0,0.0,0.0001,0.0
P16B01_007,0.0003,0.10778571428571429,0.0011333333333333332,0.0,5e-05,0.0001,0.2096,0.0,0.0,0.0,0.0002,0.0,0.0,0.0,0.0
P16B03_007,0.0005,2.8571428571428574e-05,0.0,0.0,5e-05,0.0001,0.0001,0.0,5e-05,0.0,0.9948,0.0038,0.0,0.0,0.0001
P16B04_007,0.5383,0.0001142857142857143,0.0,0.0,0.0,0.0,0.4365,0.0,0.0,0.0,0.0243,0.0001,0.0,0.0,0.0
P16B05_007,0.5411,0.00012857142857142858,0.0,0.0,0.0,0.0001,0.456,0.0,0.0,0.0,0.0001,0.0018,0.0,0.0,0.0
P16B06_007,0.0002,8.571428571428573e-05,0.0,0.0,0.0,0.0,0.9987,0.0,0.0,0.0,0.0001,0.0,0.0,0.0,0.0004
P16B11_007,0.0,0.00021428571428571425,0.00019999999999999998,0.0,0.0,0.0,0.0003,0.0,0.49775,0.0,0.0,0.0003,0.0,0.0003,0.0
P16B12_007,0.0006,0.14237142857142857,9.999999999999999e-05,0.0,0.0,0.0,0.0009,0.0,0.0003,0.0,0.0009,0.0,0.0,0.0,0.0
P16C01_007,0.0002,0.07455714285714286,0.0,0.0001,0.0678,0.0,0.3084,0.0,0.0001,0.0317,0.0,0.0001,0.0,0.0001,0.0
P16C02_007,0.4437,4.285714285714286e-05,0.0,0.0,0.25535,0.0001,0.0,0.0,0.0001,0.0,0.0419,0.0029,0.0,0.0,0.0
P16C03_007,0.9157,0.0001,0.0,0.0,0.00015,0.0,0.0004,0.0,0.00015,0.0,0.0678,0.0145,0.0,0.0,0.0001
P16C04_007,0.5467,7.142857142857143e-05,0.0,0.0,0.0,0.0,0.4323,0.0,5e-05,0.0,0.0205,0.0,0.0,0.0,0.0
P16C06_007,0.5413,8.571428571428573e-05,0.0,0.0,5e-05,0.0,0.4403,0.0,0.0,0.0,0.0159,0.0016,0.0,0.0,0.0002
P16C12_007,0.0,0.001057142857142857,0.0,0.0,0.0002,0.0,0.0001,0.0,0.4959,0.0,0.0001,0.0001,0.0,0.0,0.0
P16D01_007,0.0,0.11782857142857142,0.0,0.0,0.0,0.0,0.1743,0.0,0.0,0.0,0.0002,0.0,0.0,0.0,0.0008
P16D02_007,0.0001,0.09145714285714286,0.0,0.0,5e-05,0.0,0.314,0.0,5e-05,0.0,0.0439,0.0008,0.0,0.0001,0.0005
P16D03_007,0.4857,0.00012857142857142858,0.0,0.0,5e-05,0.0,0.4806,0.0001,0.0,0.0,0.0308,0.0019,0.0,0.0,0.0
P16D04_007,0.9367,0.00014285714285714287,3.3333333333333335e-05,0.0,0.0,0.0,0.0001,0.0,0.0,0.0,0.0616,0.0,0.0,0.0,0.0002
P16D05_007,0.0004,0.0001142857142857143,0.0,0.0,0.0,0.0,0.9932,0.0,0.0,0.0,0.0,0.0055,0.0,0.0,0.0
P16D10_007,0.0001,7.142857142857143e-05,0.0,0.0,0.0001,0.0001,0.0002,0.0001,0.0,0.0,0.0001,0.0,0.0002,0.9985,0.0
P16D11_007,0.0002,0.14281428571428573,0.0,0.0,5e-05,0.0,0.0,0.0,5e-05,0.0,0.0,0.0,0.0,0.0,0.0001
P16E01_007,0.0002,0.07585714285714285,0.0,0.0,0.02595,0.0,0.3797,0.037,5e-05,0.0,0.0,0.0,0.0,0.0,0.0001
P16E02_007,0.0001,4.285714285714286e-05,6.666666666666667e-05,0.0,0.0,0.0,0.9868,0.0,0.0001,0.0,0.0106,0.001,0.0,0.0,0.0003
P16E03_007,0.9088,5.714285714285715e-05,0.0,0.0,5e-05,0.0,0.0003,0.0,5e-05,0.0,0.0737,0.0162,0.0,0.0,0.0002
P16E04_007,0.0002,4.285714285714286e-05,0.0,0.0,0.0,0.0,0.9026,0.0,0.0,0.0,0.0966,0.0,0.0,0.0001,0.0001
P16E05_007,0.0003,0.00015714285714285716,6.666666666666667e-05,0.0,0.0,0.0,0.9952,0.0,0.0,0.0,0.0,0.0027,0.0,0.0,0.0005
P16E10_007,0.0001,7.142857142857143e-05,0.0,0.0001,0.0,0.0,0.0001,0.0,0.0,0.0,0.0001,0.0,0.9989,0.0,0.0
P16E11_007,0.0001,0.14277142857142858,3.3333333333333335e-05,0.0,5e-05,0.0,0.0002,0.0,0.0,0.0,0.0001,0.0,0.0,0.0,0.0
P16E12_007,0.0,0.0015,0.32966666666666666,0.0,0.0,0.0,0.0001,0.0,0.0,0.0,0.0,0.0,0.0,0.0,0.0
P16E12_014,0.5422,2.8571428571428574e-05,0.1489,0.0001,5e-05,0.0002,0.0001,0.0096,0.00015000000000000001,0.0,0.0,0.0,0.0,0.0,0.0
P16F01_007,0.0,0.11054285714285714,0.0,0.0,0.0,0.0,0.0001,0.0001,0.1127,0.0,0.0,0.0,0.0,0.0,0.0005
P16F02_007,0.3204,0.06325714285714286,0.0,0.0,0.0,0.0,0.2185,0.0,0.0,0.0,0.0177,0.0,0.0001,0.0,0.0001
P16F03_007,0.0003,0.0001,0.0,0.0,0.0001,0.0,0.9724,0.0,5e-05,0.0,0.0234,0.0031,0.0,0.0,0.0
P16F04_007,0.0004,8.571428571428573e-05,0.0,0.0,5e-05,0.0,0.9847,0.0001,0.0,0.0,0.0139,0.0,0.0,0.0,0.0001
P16F05_007,0.0025,0.0008285714285714285,0.0,0.0,0.0,0.0,0.005,0.0,0.0004,0.0,0.0008,0.5075,0.0,0.0,0.474
P16F09_007,0.002,0.0013714285714285714,0.00019999999999999998,0.0,0.00015000000000000001,0.0002,0.001,0.0,0.00055,0.0,0.9851,0.0,0.0,0.0001,0.0
P16F11_007,0.0,0.1427857142857143,0.0,0.0,5e-05,0.0,0.0,0.0,5e-05,0.0,0.0001,0.0001,0.0,0.0001,0.0
P16F11_014,0.0007,1.4285714285714287e-05,0.0007666666666666667,0.0,0.0001,0.0,0.9963,0.0001,0.0,0.0,0.0001,0.0,0.0,0.0,0.0
P16F12_007,0.0,5.7142857142857135e-05,0.0,0.0,5e-05,0.0,0.0001,0.0,0.0,0.0,0.0001,0.0,0.0,0.0,0.0
P16F12_014,0.8043,0.025342857142857143,0.0003,0.0,0.0001,0.0,0.0002,0.0157,0.0001,0.0,0.0002,0.0,0.0002,0.0,0.0
P16G01_007,0.0,0.10674285714285714,0.0,0.0001,0.03025,0.0001,0.0002,0.191,5e-05,0.0,0.0001,0.0,0.0,0.0,0.0004
P16G02_007,0.4195,8.571428571428573e-05,0.0,0.0,0.1499,0.0,0.2509,0.0,0.0001,0.0,0.029,0.0,0.0,0.0,0.0
P16G03_007,0.0,8.571428571428573e-05,0.0,0.0,0.0,0.0,0.9842,0.0,0.0,0.0,0.0134,0.0017,0.0,0.0,0.0001
P16G04_007,0.0004,7.142857142857143e-05,0.0,0.0,0.0,0.0,0.0004,0.0,5e-05,0.0,0.0184,0.0,0.0,0.0,0.98
P16G05_007,0.5824,0.00011428571428571427,0.0,0.0,5e-05,0.0,0.4167,0.0,0.0,0.0,0.0001,0.0,0.0,0.0,0.0
P16G10_007,0.0,0.0001,0.0,0.0,0.0,0.0001,0.9989,0.0,0.0,0.0,0.0,0.0,0.0,0.0,0.0
P16G11_007,0.0001,0.14272857142857143,0.0,0.0,5e-05,0.0,0.0002,0.0,5e-05,0.0,0.0,0.0,0.0,0.0001,0.0001
P16H01_007,0.336,0.053514285714285716,0.0,0.0,0.0,0.0,0.2733,0.0001,5e-05,0.0001,0.0142,0.0015,0.0,0.0,0.0001
P16H02_007,0.3212,0.060585714285714284,0.0,0.0,0.0,0.0,0.2527,0.0,0.0,0.0,0.0002,0.0016,0.0,0.0001,0.0002
P16H03_007,0.0003,7.142857142857143e-05,0.0,0.0,5e-05,0.0,0.0,0.0,5e-05,0.0,0.0003,0.0006,0.0001,0.0,0.9979
P16H04_007,0.9459,0.0002,0.0,0.0,0.0,0.0,0.0003,0.0,5e-05,0.0,0.0001,0.052,0.0,0.0,0.0002
P16H05_007,0.5251,0.00012857142857142858,0.0,0.0,0.0,0.0,0.4735,0.0,5e-05,0.0,0.0,0.0001,0.0,0.0,0.0005
P16H09_007,0.006,0.004714285714285714,0.0,0.0,0.0,0.0,0.006,0.0,0.0015,0.0,0.006,0.0,0.003,0.0,0.9431
P16H11_007,0.0001,0.1427142857142857,0.0,0.0,0.0,0.0,0.0004,0.0,5e-05,0.0,0.0001,0.0,0.0,0.0,0.0
P17A01_004,0.0003,2.8571428571428574e-05,6.666666666666667e-05,0.0,0.0,0.0,0.0,0.0002,0.0,0.0003,0.9982,0.0,0.0003,0.0,0.0003
P17A02_004,0.0,7.142857142857143e-05,3.3333333333333335e-05,0.0,5e-05,0.0,0.0002,0.0,0.0,0.0,0.518,0.0,0.0001,0.4807,0.0
P17A03_004,0.0,0.10694285714285715,0.0,0.0,0.0002,0.0,0.0001,0.0,0.0,0.0004,0.2503,0.0,0.0,0.0001,0.0
P17A04_004,0.0001,2.8571428571428574e-05,3.3333333333333335e-05,0.0,0.0,0.0,0.0001,0.0,0.0001,0.0,0.4782,0.0,0.0,0.0,0.0
P17A05_004,0.0,4.285714285714286e-05,3.3333333333333335e-05,0.0,0.0001,0.9976,0.0001,0.0,0.0,0.0001,0.0004,0.001,0.0,0.0001,0.0
P17A06_004,0.0002,0.13451428571428573,0.0007333333333333333,0.0,0.0,0.0,0.0006,0.0,0.0,0.0,0.0,0.0552,0.0002,0.0,0.0
P17A07_004,0.0005,5.714285714285715e-05,0.3307,0.0,5e-05,0.0001,0.0005,0.0,0.0,0.0001,0.0003,0.0053,0.0001,0.0,0.0
P17A08_004,0.9856,4.285714285714286e-05,6.666666666666667e-05,0.0065,5e-05,0.0005,0.0002,0.0001,0.0001,0.0001,0.0,0.0,0.0,0.0,0.0
P17A09_004,0.3998,0.08561428571428571,0.0,0.0,5e-05,0.0,0.0001,0.0,0.0,0.0001,0.0,0.0003,0.0,0.0001,0.0001
P17A10_004,0.685,4.285714285714286e-05,0.10456666666666668,0.0,5e-05,0.0,0.0,0.0,0.00015,0.0004,0.0001,0.0,0.0,0.0,0.0
P17A11_004,0.0003,4.285714285714286e-05,0.0,0.0,0.0,0.0,0.0001,0.0001,5e-05,0.0001,0.9988,0.0,0.0,0.0,0.0
P17A12_004,0.0131,0.0006285714285714286,0.0014666666666666667,0.0,0.0,0.0,0.0044,0.0,0.0,0.0,0.0,0.0,0.0,0.0,0.9738
P17B01_004,0.0002,1.4285714285714287e-05,0.0,0.0,0.0,0.0,0.0001,0.0001,0.0,0.0002,0.9879,0.0113,0.0,0.0001,0.0
P17B02_004,0.0,0.0008285714285714286,0.0,0.0001,0.0,0.0001,0.0001,0.0,0.0001,0.0006,0.7007,0.0,0.2922,0.0001,0.0
P17B03_004,0.0,0.020971428571428575,3.3333333333333335e-05,0.0,0.0,0.0,0.0,0.0,5e-05,0.0006,0.8524,0.0,0.0001,0.0,0.0
P17B04_004,0.0001,4.285714285714286e-05,3.3333333333333335e-05,0.0,0.0,0.0,0.0001,0.0,0.0,0.0002,0.9861,0.013,0.0001,0.0,0.0
P17B06_004,0.0,0.14161428571428572,0.0,0.0,5e-05,0.0,0.0,0.0,5e-05,0.0001,0.0,0.008,0.0,0.0001,0.0001
P17B07_004,0.0001,2.8571428571428574e-05,0.0001,0.0,5e-05,0.0001,0.0002,0.0,5e-05,0.0002,0.0001,0.0127,0.0,0.0,0.0
P17B08_004,0.7117,4.285714285714286e-05,0.0006333333333333333,0.0,0.0,0.2856,0.0,0.0,0.0,0.0002,0.0001,0.0,0.0001,0.0,0.0
P17B09_004,0.6468,0.050228571428571435,3.3333333333333335e-05,0.0,5e-05,0.0003,0.0001,0.0001,0.0001,0.0,0.0,0.0,0.0003,0.0001,0.0001
P17B10_004,0.5513,2.8571428571428574e-05,0.1488,0.0,0.00015,0.0,0.0,0.0001,0.00015,0.0006,0.0001,0.0001,0.0001,0.0,0.0001
P17B11_004,0.0004,4.285714285714286e-05,0.0,0.0,0.0001,0.0,0.0004,0.0001,0.0001,0.0001,0.9982,0.0,0.0,0.0,0.0
P17B12_004,0.0017,0.00024285714285714283,0.0,0.0017,0.00085,0.0,0.0017,0.0,0.00085,0.0017,0.0,0.0,0.0,0.0,0.9865
P17C01_004,0.6537,2.8571428571428574e-05,0.0,0.0001,0.0,0.0,0.0001,0.0,0.0,0.0004,0.3454,0.0,0.0,0.0,0.0001
P17C02_004,0.0001,7.142857142857143e-05,3.3333333333333335e-05,0.0,0.0,0.0,0.0,0.0,5e-05,0.2282,0.7707,0.0,0.0,0.0001,0.0
P17C03_004,0.0029,0.11058571428571427,3.3333333333333335e-05,0.0001,0.0,0.0,0.0,0.0,5e-05,0.0004,0.2223,0.0,0.0,0.0,0.0
P17C04_004,0.0184,0.012499999999999999,0.0015333333333333334,0.0,0.0046,0.0,0.0,0.0,0.0,0.0092,0.0092,0.8618,0.0,0.0,0.0
P17C05_004,0.0,5.714285714285715e-05,0.0,0.0,0.0001,0.0001,0.0006,0.0,0.0,0.0003,0.0,0.1014,0.8967,0.0,0.0
P17C07_004,0.6725,0.00017142857142857145,6.666666666666667e-05,0.0,0.0,0.0,0.0004,0.0,0.0,0.0004,0.3252,0.0,0.0,0.0,0.0
P17C08_004,0.3674,2.8571428571428574e-05,0.0,0.0,0.0,0.0,0.0,0.0,5e-05,0.0004,0.0001,0.0,0.0,0.6318,0.0
P17C09_004,0.446,0.07907142857142857,3.3333333333333335e-05,0.0,0.0,0.0,0.0,0.0,0.0,0.0001,0.0,0.0001,0.0001,0.0,0.0
P17C10_004,0.6376,2.8571428571428574e-05,0.0001,0.0,5e-05,0.0,0.0002,0.0,0.0,0.0005,0.0002,0.0,0.0,0.0,0.0
P17D01_004,0.0005,2.8571428571428574e-05,0.0,0.0,0.0,0.0,0.6323,0.0,0.0,0.0004,0.3665,0.0,0.0,0.0,0.0
P17D02_004,0.0001,1.4285714285714287e-05,3.3333333333333335e-05,0.0,0.24125,0.0,0.0002,0.0,5e-05,0.0001,0.5165,0.0,0.0,0.0001,0.0
P17D03_004,0.0001,0.1322,0.0,0.0001,0.00035,0.0,0.0001,0.0,0.0,0.0003,0.0731,0.0001,0.0,0.0,0.0
P17D04_004,0.9515,1.4285714285714287e-05,6.666666666666667e-05,0.0,0.0,0.0,0.0005,0.0,0.0,0.0001,0.0003,0.047,0.0,0.0,0.0
P17D05_004,0.0001,0.0002285714285714286,3.3333333333333335e-05,0.0,0.0001,0.0,0.0002,0.0,0.0,0.9908,0.0,0.0065,0.0,0.0001,0.0
P17D06_004,0.0005,0.13234285714285715,0.0,0.0,0.0,0.0,0.0,0.0,0.0,0.0,0.0,0.0726,0.0005,0.0,0.0
P17D07_004,0.9107,8.571428571428573e-05,0.0,0.0,0.0,0.0,0.0004,0.0,0.0,0.0001,0.0,0.0879,0.0001,0.0,0.0
P17D08_004,0.5861,5.714285714285715e-05,0.0,0.0,0.00015,0.0004,0.0001,0.0,0.0,0.0001,0.0,0.0,0.4122,0.0,0.0
P17D09_004,0.6457,0.05048571428571429,3.3333333333333335e-05,0.0,0.0,0.0001,0.0001,0.0,0.0,0.0001,0.0002,0.0002,0.0,0.0,0.0
P17E01_004,0.0001,2.8571428571428574e-05,0.0,0.0001,0.0001,0.0,0.0001,0.0,5e-05,0.0001,0.9991,0.0,0.0,0.0,0.0
P17E02_004,0.0,0.0001,0.0,0.0002,5e-05,0.0001,0.0001,0.0,0.3193,0.0003,0.3596,0.0,0.0,0.0001,0.0
P17E03_004,0.0001,0.022742857142857145,0.0,0.0,0.0001,0.0,0.0002,0.0,0.0006500000000000001,0.0,0.8387,0.0,0.0001,0.0,0.0001
P17E04_004,0.0003,5.714285714285715e-05,0.0,0.0,0.0,0.0001,0.9867,0.0,0.0001,0.0007,0.0001,0.0112,0.0,0.0,0.0001
P17E06_004,0.0003,0.14215714285714284,0.0,0.0001,0.0,0.0,0.0001,0.0,5e-05,0.0001,0.0,0.0039,0.0,0.0,0.0
P17E07_004,0.9972,5.714285714285715e-05,0.00013333333333333334,0.0,5e-05,0.0,0.0004,0.0001,5e-05,0.0006,0.0,0.0,0.0001,0.0,0.0001
P17E08_004,0.7716,2.8571428571428574e-05,3.3333333333333335e-05,0.0,5e-05,0.0002,0.0004,0.0,0.00015000000000000001,0.2267,0.0002,0.0,0.0,0.0,0.0
P17E09_004,0.7503,0.035514285714285714,0.0,0.0,0.0001,0.0,0.0001,0.0001,0.0,0.0005,0.0001,0.0,0.0,0.0,0.0
P17E11_004,0.9974,4.285714285714286e-05,0.0,0.0,5e-05,0.0,0.0005,0.0,0.00025,0.0003,0.0005,0.0,0.0,0.0001,0.0
P17F01_004,0.0002,0.00014285714285714287,3.3333333333333335e-05,0.0001,0.0001,0.0,0.0002,0.1987,5e-05,0.0008,0.7985,0.0,0.0,0.0,0.0
P17F02_004,0.0002,5.714285714285715e-05,3.3333333333333335e-05,0.0,0.2537,0.0,0.0002,0.0,0.0001,0.0005,0.49,0.0001,0.0,0.0004,0.0
P17F03_004,0.0003,0.00014285714285714287,6.666666666666667e-05,0.0,0.0003,0.0,0.0003,0.0,0.0874,0.0008,0.8214,0.0002,0.0,0.0,0.0001
P17F04_004,0.0081,0.0011714285714285715,0.004066666666666667,0.0,0.07314999999999999,0.0,0.0122,0.0,0.0060999999999999995,0.0081,0.0,0.4309,0.0,0.0,0.3537
P17F05_004,0.0,0.0007428571428571429,0.0003,0.0,0.00215,0.0026,0.0034,0.0,0.3965,0.0077,0.0,0.1814,0.0,0.0,0.0
P17F07_004,0.5098,8.571428571428573e-05,6.666666666666667e-05,0.0001,5e-05,0.0,0.4854,0.0001,0.00015000000000000001,0.0024,0.0003,0.0002,0.0,0.0,0.0
P17F08_004,0.6502,5.7142857142857135e-05,6.666666666666667e-05,0.0001,0.17404999999999998,0.0,0.0002,0.0,0.0002,0.0004,0.0,0.0,0.0,0.0,0.0
P17F09_004,0.6558,0.0489,3.3333333333333335e-05,0.0,5e-05,0.0,0.0003,0.0,0.0,0.0006,0.0,0.0003,0.0,0.0,0.0001
P17F11_004,0.9966,5.714285714285715e-05,0.0,0.0,0.0001,0.0,0.0015,0.0,5e-05,0.0002,0.0005,0.0,0.0,0.0,0.0002
P17G01_004,0.0,1.4285714285714287e-05,0.00019999999999999998,0.1074,5e-05,0.0,0.0001,0.0,5e-05,0.0006,0.891,0.0,0.0,0.0,0.0
P17G02_004,0.0,0.10165714285714285,0.00019999999999999998,0.0019,5e-05,0.0,0.0001,0.0,5e-05,0.0007,0.2844,0.0,0.0,0.0003,0.0
P17G03_004,0.0002,0.00011428571428571427,0.14943333333333333,0.0,5e-05,0.0,0.0,0.0,5e-05,0.0003,0.5498,0.0,0.0002,0.0,0.0
P17G05_004,0.0,4.285714285714286e-05,9.999999999999999e-05,0.0001,0.48485,0.0001,0.0003,0.0,5e-05,0.0007,0.0,0.028,0.0001,0.0001,0.0
P17G07_004,0.9945,0.0001,0.0005333333333333334,0.0,0.0001,0.0,0.0002,0.0005,0.0001,0.0007,0.0002,0.0,0.0,0.0,0.0002
P17G08_004,0.5483,7.142857142857143e-05,0.00013333333333333334,0.0,0.0001,0.0001,0.0,0.0,0.22494999999999998,0.0004,0.0,0.0,0.0,0.0001,0.0
P17G09_004,0.7208,0.0397,0.0001333333333333333,0.0,0.0001,0.0,0.0,0.0,5e-05,0.0001,0.0,0.0002,0.0,0.0001,0.0
P17G11_004,0.0006,4.285714285714286e-05,0.0,0.0,0.0,0.0,0.9984,0.0,0.0,0.0006,0.0001,0.0,0.0,0.0,0.0
P17H01_004,0.0001,0.0,0.00016666666666666666,0.0001,0.0,0.1781,0.0002,0.0,0.0,0.0003,0.8205,0.0,0.0,0.0,0.0001
P17H02_004,0.0,0.06874285714285715,0.00019999999999999998,0.0,5e-05,0.0,0.0,0.0,0.0,0.0009,0.5169,0.0,0.0,0.0001,0.0
P17H03_004,0.0,0.0001142857142857143,0.15673333333333334,0.0,5e-05,0.0,0.0002,0.0,5e-05,0.0003,0.5277,0.0002,0.0,0.0001,0.0
P17H04_004,0.0003,0.00028571428571428574,9.999999999999999e-05,0.9527,0.0,0.0,0.0003,0.0001,5e-05,0.0013,0.0003,0.0358,0.0,0.0,0.0
P17H05_004,0.0001,0.13875714285714286,0.00023333333333333333,0.0,5e-05,0.0,0.0001,0.0,0.0,0.0001,0.0,0.0274,0.0,0.0001,0.0
P17H06_004,0.0038,0.0006285714285714286,0.3273,0.0,0.0,0.0,0.0002,0.0,0.0011,0.0002,0.0,0.0072,0.0,0.0,0.0
P17H07_004,0.4853,1.4285714285714287e-05,0.0002666666666666666,0.0,5e-05,0.0,0.0002,0.513,0.0,0.0002,0.0,0.0,0.0,0.0,0.0001
P17H08_004,0.4513,1.4285714285714287e-05,3.3333333333333335e-05,0.0,0.2738,0.0,0.0002,0.0,0.0,0.0001,0.0,0.0,0.0,0.0001,0.0001
P17H09_004,0.504,8.571428571428573e-05,0.00019999999999999998,0.0,0.0003,0.0,0.0001,0.0,0.2466,0.0003,0.0001,0.0001,0.0,0.0,0.0
P17H11_004,0.0,1.4285714285714287e-05,0.00019999999999999998,0.0001,0.0,0.0,0.9988,0.0,0.0,0.0002,0.0001,0.0,0.0,0.0,0.0
P18A01_007,0.4758,5.714285714285715e-05,0.0,0.0,0.01325,0.0,0.0002,0.0004,0.0,0.0,0.0,0.0,0.0,0.4966,0.0
P18A02_007,0.4794,0.004014285714285714,0.0007333333333333333,0.0,0.051699999999999996,0.0006,0.3534,0.0001,0.0017000000000000001,0.0002,0.0264,0.0021,0.0,0.0006,0.0
P18A03_007,0.5415,0.0001,0.0,0.0001,5e-05,0.0,0.3838,0.0711,0.0,0.0,0.0,0.0025,0.0,0.0,0.0002
P18A04_007,0.9364,4.285714285714286e-05,0.0,0.0,0.0,0.0,0.0,0.0004,0.0,0.0,0.0627,0.0,0.0,0.0,0.0
P18A05_007,0.5202,0.0001,0.0,0.0,5e-05,0.0,0.4756,0.0002,0.0001,0.0,0.0,0.0031,0.0,0.0001,0.0
P18A10_007,0.0001,0.0001142857142857143,0.0,0.0,5e-05,0.0001,0.0001,0.9989,0.0,0.0,0.0,0.0001,0.0,0.0001,0.0
P18A11_007,0.0001,0.00012857142857142858,0.0,0.0,0.49855,0.0,0.0001,0.0002,0.0,0.0,0.0,0.0,0.0,0.0,0.0
P18A12_007,0.0002,0.14275714285714286,0.0,0.0,0.0001,0.0,0.0001,0.0001,0.0,0.0,0.0,0.0,0.0,0.0001,0.0
P18B01_007,0.0001,0.10115714285714285,0.0029666666666666665,0.0,0.0,0.0,0.237,0.0001,5e-05,0.0,0.0002,0.0,0.0,0.0001,0.0
P18B03_007,0.0005,0.0007285714285714286,0.00016666666666666666,0.0,0.00025,0.0,0.0005,0.0014,0.00045,0.0,0.4966,0.4916,0.0,0.0014,0.0005
P18B04_007,0.5179,5.714285714285715e-05,0.0,0.0,5e-05,0.0,0.4578,0.0,0.0,0.0,0.0236,0.0001,0.0,0.0,0.0
P18B05_007,0.4945,8.571428571428573e-05,0.0,0.0,0.0,0.0,0.5023,0.0001,5e-05,0.0,0.0,0.002,0.0001,0.0003,0.0001
P18B06_007,0.0002,5.714285714285715e-05,0.0,0.0,5e-05,0.0001,0.9983,0.0002,0.0,0.0,0.0,0.0,0.0,0.0001,0.0004
P18B11_007,0.0,0.00012857142857142858,0.0,0.0,0.0001,0.0001,0.0001,0.0,0.49925,0.0,0.0,0.0,0.0,0.0002,0.0
P18B12_007,0.0,0.14279999999999998,0.0,0.0,5e-05,0.0002,0.0,0.0,0.0,0.0,0.0,0.0,0.0001,0.0,0.0
P18C01_007,0.0001,0.06617142857142858,0.0,0.0,0.06315,0.0,0.3813,0.0003,0.0001,0.0273,0.0,0.0,0.0,0.0002,0.0
P18C02_007,0.4069,8.571428571428573e-05,0.0,0.0,0.2786,0.0,0.0007,0.0003,0.0,0.0001,0.0326,0.0013,0.0,0.0001,0.0001
P18C04_007,0.5232,7.142857142857143e-05,0.0,0.0,0.0,0.0,0.4572,0.0,0.0,0.0001,0.0188,0.0,0.0,0.0001,0.0
P18C05_007,0.9513,7.142857142857143e-05,0.0,0.0,0.0,0.0,0.0002,0.0,0.0,0.0002,0.0,0.0474,0.0,0.0002,0.0001
P18C06_007,0.5484,4.285714285714286e-05,0.0,0.0,0.0,0.0001,0.4323,0.0002,5e-05,0.0001,0.0163,0.0016,0.0001,0.0001,0.0001
P18C10_007,0.0002,0.00024285714285714283,0.0,0.0005,0.0,0.9968,0.0001,0.0,0.0,0.0002,0.0001,0.0,0.0002,0.0003,0.0
P18C11_007,0.0,0.0001142857142857143,0.0,0.0,0.49924999999999997,0.0,0.0,0.0001,0.0001,0.0,0.0,0.0001,0.0,0.0001,0.0
P18C12_007,0.0,0.0002,3.3333333333333335e-05,0.0,0.0,0.0002,0.0,0.0008,0.498,0.0,0.0,0.0,0.0,0.0001,0.0
P18D01_007,0.0001,0.11638571428571429,0.0,0.0,5e-05,0.0,0.1835,0.0004,0.0001,0.0,0.0001,0.0,0.0,0.0003,0.0002
P18D02_007,0.0001,0.08765714285714286,0.0,0.0,0.0,0.0,0.326,0.0003,0.0,0.0,0.058,0.001,0.0,0.0001,0.0002
P18D03_007,0.5797,5.714285714285715e-05,3.3333333333333335e-05,0.0,0.0,0.0,0.3861,0.0005,0.0,0.0002,0.0304,0.0021,0.0,0.0001,0.0
P18D04_007,0.9269,0.0001,0.0,0.0,5e-05,0.0,0.0002,0.0001,0.0,0.0,0.0715,0.0,0.0,0.0001,0.0002
P18D05_007,0.0003,4.285714285714286e-05,0.0,0.0,0.0,0.0,0.9948,0.0,5e-05,0.0001,0.0,0.0039,0.0,0.0002,0.0
P18D10_007,0.0,0.0002,0.0,0.0,0.0,0.0001,0.0001,0.0001,0.0,0.0,0.0,0.0,0.0001,0.9982,0.0
P18D11_007,0.0,0.1427142857142857,0.0,0.0,0.0001,0.0,0.0001,0.0002,0.0,0.0,0.0,0.0,0.0001,0.0001,0.0
P18E01_007,0.0002,0.07794285714285713,0.0,0.0,0.01945,0.0,0.3775,0.0371,0.0,0.0,0.0,0.0,0.0,0.0001,0.0003
P18E02_007,0.0002,0.00017142857142857143,0.0,0.0002,0.0,0.0,0.9825,0.0001,0.0,0.0,0.0137,0.0013,0.0,0.0,0.0006
P18E04_007,0.0006,0.0001142857142857143,0.0,0.0,0.0,0.0,0.7156,0.0001,0.0,0.0,0.2819,0.0,0.0,0.0001,0.0
P18E05_007,0.0004,7.142857142857143e-05,3.3333333333333335e-05,0.0,5e-05,0.0,0.9944,0.0002,0.0,0.0,0.0,0.0034,0.0,0.0002,0.0
P18E10_007,0.0002,0.00025714285714285715,0.0,0.0,5e-05,0.0001,0.0,0.0003,0.0,0.0,0.0,0.0,0.997,0.0003,0.0
P18E11_007,0.0001,0.14274285714285714,0.0,0.0,0.0001,0.0001,0.0,0.0001,5e-05,0.0,0.0,0.0001,0.0,0.0002,0.0
P18E11_014,0.0,1.4285714285714287e-05,0.00023333333333333333,0.0001,0.0,0.0,0.0003,0.0003,5e-05,0.0001,0.9976,0.0,0.0,0.0,0.0
P18E12_007,0.0,7.142857142857143e-05,0.3321,0.0,0.0,0.0,0.0001,0.0001,0.0,0.0,0.0001,0.0,0.0,0.0001,0.0
P18F01_007,0.0002,0.1141857142857143,0.0,0.0,0.00015,0.0,0.0004,0.0004,0.09945,0.0,0.0001,0.0001,0.0,0.0,0.0004
P18F02_007,0.3536,0.061271428571428574,0.0,0.0,5e-05,0.0,0.1906,0.0001,0.0001,0.0,0.0257,0.0,0.0001,0.0001,0.0001
P18F03_007,0.0003,0.0001,0.0,0.0001,0.00015000000000000001,0.0,0.962,0.0004,0.0,0.0,0.0316,0.0038,0.0,0.0001,0.0
P18F04_007,0.0001,5.7142857142857135e-05,0.0,0.0,0.0,0.0001,0.9819,0.0,0.0,0.0,0.0166,0.0,0.0,0.0002,0.0005
P18F05_007,0.0083,0.0011857142857142858,0.0,0.0,0.0007,0.0,0.0014,0.0028,0.0007,0.0014,0.0041,0.7472,0.0,0.0014,0.2169
P18F09_007,0.0013,0.00035714285714285714,0.0,0.0,0.0002,0.0,0.0009,0.0,0.0,0.0,0.9919,0.0,0.0,0.0,0.0
P18F10_007,0.9983,0.00011428571428571427,3.3333333333333335e-05,0.0,0.0,0.0002,0.0001,0.0002,5e-05,0.0,0.0,0.0,0.0001,0.0001,0.0
P18F11_007,0.0001,0.1426,0.0,0.0002,0.0001,0.0,0.0,0.0002,0.0,0.0,0.0002,0.0,0.0,0.0003,0.0
P18F11_014,0.0,0.0036285714285714285,0.0017000000000000001,0.0,0.00255,0.0,0.0,0.0,0.0127,0.0,0.0,0.9239,0.0051,0.0051,0.0
P18F12_007,0.0001,0.00012857142857142858,3.3333333333333335e-05,0.0,5e-05,0.0,0.0001,0.0002,5e-05,0.0001,0.0002,0.0,0.0,0.0,0.0
P18G01_007,0.0001,0.11305714285714286,0.0,0.0001,0.0225,0.0,0.0,0.162,5e-05,0.0001,0.0001,0.0,0.0,0.0,0.0006
P18G02_007,0.525,0.0002,3.3333333333333335e-05,0.0,0.08055,0.0001,0.283,0.0001,5e-05,0.0001,0.0285,0.0,0.0,0.0,0.0
P18G03_007,0.0002,8.571428571428573e-05,3.3333333333333335e-05,0.0,0.0,0.0001,0.982,0.0002,0.0,0.0,0.0135,0.0019,0.0001,0.0001,0.0004
P18G04_007,0.0002,5.714285714285715e-05,0.0,0.0,0.0,0.0,0.0004,0.0001,0.0,0.0001,0.51,0.0,0.0,0.0001,0.4883
P18G05_007,0.5331,2.8571428571428574e-05,0.0,0.0,5e-05,0.0,0.4659,0.0,0.0,0.0001,0.0001,0.0,0.0,0.0002,0.0
P18G10_007,0.0001,0.00018571428571428574,0.0,0.0,0.0,0.0001,0.998,0.0001,0.0,0.0001,0.0,0.0,0.0,0.0,0.0
P18G11_007,0.0,0.1428142857142857,0.0,0.0,5e-05,0.0,0.0,0.0,0.0,0.0002,0.0,0.0,0.0,0.0001,0.0
P18G11_014,0.0001,0.0,0.0,0.0,0.0,0.0,0.9992,0.0,0.0001,0.0002,0.0,0.0,0.0001,0.0,0.0001
P18H01_007,0.3429,0.05758571428571429,0.0,0.0,0.0,0.0,0.2398,0.0002,0.0,0.0,0.013,0.0006,0.0,0.0,0.0
P18H02_007,0.3198,0.06444285714285715,0.0,0.0,5e-05,0.0,0.2259,0.0004,5e-05,0.0,0.0,0.002,0.0001,0.0,0.0002
P18H03_007,0.0003,0.0001,0.0,0.0,5e-05,0.0,0.0001,0.0002,5e-05,0.0,0.0009,0.0008,0.0,0.0,0.9957
P18H04_007,0.9351,8.571428571428573e-05,3.3333333333333335e-05,0.0,0.0,0.0,0.0,0.0,0.0,0.0,0.0,0.0635,0.0001,0.0,0.0
P18H05_007,0.4913,0.0001142857142857143,0.0,0.0001,0.0,0.0,0.5065,0.0,0.0,0.0001,0.0003,0.0,0.0,0.0,0.0002
P18H09_007,0.0417,0.0065,0.0012666666666666666,0.0,0.0076,0.0,0.0038,0.0114,0.0038,0.0,0.0076,0.0,0.0,0.0,0.8295
P18H11_007,0.0001,0.14274285714285714,0.0,0.0,0.0,0.0,0.0,0.0,5e-05,0.0001,0.0,0.0,0.0,0.0,0.0
P18H11_014,0.0,0.0004714285714285714,0.0,0.0,0.0,0.0,0.0011,0.0033,0.00055,0.0011,0.0,0.0,0.0022,0.0011,0.9868
P19A01_003,0.0003,0.0,0.0,0.0,0.0,0.0018,0.0,0.0,0.0001,0.0002,0.9925,0.0013,0.0,0.0034,0.0
P19A01_004,0.0002,2.8571428571428574e-05,3.3333333333333335e-05,0.0,5e-05,0.0,0.6143,0.0,0.0,0.0,0.3851,0.0,0.0,0.0,0.0
P19A02_003,0.0002,0.0,0.0,0.0,0.0,0.6141,0.0002,0.0,0.0,0.0,0.3787,0.0,0.0,0.0068,0.0
P19A02_004,0.0001,4.285714285714286e-05,0.0,0.0,0.0,0.0,0.919,0.0001,0.0,0.0003,0.0003,0.0,0.0001,0.0796,0.0
P19A03_003,0.0,0.12517142857142857,0.0,0.0,0.0,0.0,0.0002,0.0,0.0001,0.0,0.1232,0.0,0.0,0.0,0.0
P19A03_004,0.0,0.12104285714285713,3.3333333333333335e-05,0.0,0.0003,0.0,0.1514,0.0,0.0,0.0,0.0001,0.0,0.0,0.0,0.0
P19A04_004,0.0002,0.00037142857142857143,6.666666666666667e-05,0.0,0.0,0.0003,0.8834,0.0002,0.0,0.0,0.0,0.0,0.0,0.0002,0.0
P19A06_004,0.0,0.1427857142857143,0.0,0.0,0.0002,0.0,0.0,0.0,0.0,0.0,0.0,0.0,0.0,0.0,0.0002
P19A07_004,0.0,1.4285714285714287e-05,0.333,0.0,0.0,0.0,0.0001,0.0,5e-05,0.0,0.0,0.0,0.0,0.0003,0.0001
P19A08_003,0.5121,0.0006428571428571428,0.0,0.0,0.0,0.0002,0.4788,0.0,0.0,0.0011,0.0,0.0,0.0,0.0,0.0
P19A08_004,0.0,7.142857142857143e-05,3.3333333333333335e-05,0.0002,5e-05,0.0003,0.0002,0.9983,0.0,0.0001,0.0,0.0,0.0,0.0003,0.0
P19A09_003,0.3027,0.0991857142857143,0.0005333333333333334,0.0,0.0,0.0,0.0002,0.0,0.0,0.0001,0.0001,0.0005,0.0,0.0,0.0
P19A09_004,0.0,8.571428571428573e-05,3.3333333333333335e-05,0.0,0.00015000000000000001,0.0,0.0001,0.0001,5e-05,0.0001,0.0002,0.0,0.9984,0.0001,0.0
P19A10_003,0.8376,0.02225714285714286,9.999999999999999e-05,0.0,0.0,0.0,0.0002,0.0002,0.0,0.0,0.0005,0.0,0.0052,0.0,0.0
P19A10_004,0.0001,0.00010000000000000002,0.0,0.0,0.49915,0.0,0.0002,0.0,0.0001,0.0002,0.0001,0.0,0.0,0.0,0.0
P19A11_003,0.0033,0.0001,0.0,0.0,0.0,0.0,0.0,0.0,0.0,0.0,0.995,0.0002,0.0009,0.0,0.0
P19A11_004,0.0,0.1427857142857143,0.0,0.0,0.0,0.0,0.0002,0.0,0.0,0.0002,0.0002,0.0,0.0,0.0,0.0
P19A12_003,0.9986,0.0001,0.0,0.0,0.0,0.0002,0.0,0.0,0.0,0.0002,0.0002,0.0,0.0,0.0,0.0
P19A12_004,0.0,2.8571428571428574e-05,0.0,0.0,0.0001,0.0,0.0001,0.0,0.4996,0.0001,0.0,0.0,0.0,0.0001,0.0
P19B01_004,0.0,5.714285714285715e-05,6.666666666666667e-05,0.0001,0.0,0.0,0.9918,0.0,0.0,0.0005,0.0,0.0066,0.0001,0.0,0.0
P19B02_003,0.0,0.0,0.0,0.0,0.0,0.0,0.0002,0.0,0.00025,0.0,0.3357,0.0,0.0,0.6636,0.0
P19B02_004,0.0,4.285714285714286e-05,0.0,0.0,0.0,0.0,0.7841,0.0,0.0001,0.0,0.0002,0.0,0.2151,0.0,0.0
P19B03_003,0.0002,0.10024285714285715,0.0,0.0,0.0,0.0,0.0005,0.0,0.0,0.0,0.2974,0.0,0.0,0.0,0.0
P19B03_004,0.0002,0.012371428571428571,3.3333333333333335e-05,0.0,0.0,0.0,0.9117,0.0001,0.0,0.0001,0.0004,0.0,0.0,0.0,0.0
P19B04_003,0.0004,8.571428571428573e-05,6.666666666666667e-05,0.0002,0.0,0.0,0.0004,0.0,0.0,0.0,0.0079,0.0,0.0,0.0002,0.0
P19B04_004,0.0,2.8571428571428574e-05,0.0,0.0001,0.0,0.0,0.0,0.0003,0.0,0.0,0.999,0.0,0.0,0.0,0.0003
P19B05_004,0.0001,2.8571428571428574e-05,0.0,0.0,0.00015000000000000001,0.0001,0.0001,0.0,0.0,0.0002,0.0001,0.0,0.0004,0.998,0.0006
P19B06_003,0.0065,0.13732857142857144,0.0,0.0,0.0,0.0,0.0002,0.0,0.0,0.0,0.0007,0.0313,0.0,0.0,0.0
P19B06_004,0.0001,0.14264285714285713,0.0,0.0,0.0001,0.0,0.0001,0.0,5e-05,0.0,0.0003,0.0,0.0,0.0,0.0003
P19B07_004,0.0,2.8571428571428574e-05,0.0001,0.0001,5e-05,0.0,0.0002,0.0,0.00015000000000000001,0.0001,0.0001,0.0,0.0,0.0,0.0004
P19B08_003,0.9894,2.8571428571428574e-05,6.666666666666667e-05,0.0,0.0,0.0,0.0002,0.0,0.0,0.0,0.0,0.0,0.0,0.0,0.0027
P19B08_004,0.0001,5.714285714285715e-05,3.3333333333333335e-05,0.0001,0.0,0.0001,0.0002,0.9984,5e-05,0.0002,0.0,0.0,0.0,0.0003,0.0
P19B09_004,0.0,0.00015714285714285716,0.0,0.0002,0.0,0.0,0.0,0.0001,0.0,0.0001,0.0,0.0001,0.9985,0.0,0.0
P19B10_004,0.0,0.00025714285714285715,0.0,0.0,0.49815,0.0,0.0,0.0,0.0,0.0003,0.0001,0.0,0.0015,0.0,0.0
P19B11_003,0.0048,7.142857142857143e-05,0.0,0.0,0.0,0.0,0.0,0.0,0.00015,0.0,0.9925,0.0004,0.0015,0.0,0.0
P19B11_004,0.0,0.14268571428571428,3.3333333333333335e-05,0.0,0.0,0.0,0.0001,0.0,5e-05,0.0003,0.0002,0.0,0.0,0.0001,0.0
P19B12_004,0.0,4.285714285714286e-05,0.0001333333333333333,0.0,0.0001,0.0,0.0,0.0,0.49945,0.0,0.0002,0.0,0.0,0.0,0.0
P19C01_003,0.7357,0.0,0.0,0.0,0.0,0.0,0.0,0.0,0.00015,0.0002,0.2632,0.0,0.0,0.0,0.0002
P19C01_004,0.5304,2.8571428571428574e-05,0.0,0.0001,0.0,0.0,0.4691,0.0,5e-05,0.0,0.0,0.0,0.0,0.0,0.0
P19C02_003,0.0004,0.00014285714285714287,6.666666666666667e-05,0.0,0.0001,0.0,0.0,0.0,0.4949,0.0,0.0046,0.0002,0.0,0.0032,0.0
P19C02_004,0.0006,9.999999999999998e-05,0.0,0.0,0.0,0.0,0.9736,0.0,0.0,0.0242,0.0,0.0,0.0004,0.0001,0.0
P19C03_004,0.0003,0.04844285714285714,6.666666666666667e-05,0.0,0.0,0.0,0.6601,0.0,0.0001,0.0,0.0001,0.0,0.0001,0.0,0.0
P19C04_004,0.0095,0.004085714285714285,0.0031666666666666666,0.0095,0.0,0.0,0.0286,0.0286,0.00475,0.019,0.0095,0.0,0.0095,0.0095,0.8286
P19C05_004,0.0,8.571428571428573e-05,0.0,0.0,0.0,0.0001,0.0,0.0,0.0,0.0,0.0,0.0,0.9988,0.0,0.0004
P19C06_003,0.0002,0.1410857142857143,0.0,0.0,0.0,0.0002,0.0,0.0,0.0,0.0,0.0004,0.0114,0.0,0.0,0.0
P19C06_004,0.0004,0.1364142857142857,6.666666666666667e-05,0.0,0.0001,0.0,0.0004,0.0,0.0,0.0,0.0,0.0002,0.0004,0.0,0.0432
P19C08_003,0.3949,5.714285714285715e-05,0.0,0.0,0.0,0.0,0.0002,0.6043,0.0001,0.0,0.0,0.0,0.0,0.0,0.0002
P19C09_004,0.0,8.571428571428573e-05,0.0,0.0,0.0,0.0,0.0,0.0,5e-05,0.9991,0.0,0.0001,0.0002,0.0,0.0
P19C10_004,0.0001,0.1427,0.0,0.0001,5e-05,0.0,0.0001,0.0,0.0,0.0003,0.0001,0.0001,0.0,0.0,0.0
P19C11_004,0.0,0.14278571428571427,0.0,0.0,0.0,0.0,0.0,0.0,0.00015000000000000001,0.0002,0.0,0.0,0.0,0.0,0.0001
P19C12_003,0.9918,0.00015714285714285716,9.999999999999999e-05,0.0,5e-05,0.0001,0.0001,0.0,0.0001,0.0,0.0049,0.0009,0.0,0.0001,0.0
P19C12_004,0.0001,1.4285714285714287e-05,0.3329666666666667,0.0,0.0,0.0,0.0,0.0,0.0,0.0001,0.0002,0.0002,0.0001,0.0,0.0
P19D01_004,0.0,5.714285714285715e-05,6.666666666666667e-05,0.0001,0.0,0.0001,0.9987,0.0,0.0,0.0001,0.0001,0.0,0.0,0.0,0.0
P19D02_003,0.0,8.571428571428573e-05,0.0,0.0,0.328,0.0,0.0002,0.0,0.0,0.0,0.3414,0.0013,0.0,0.0002,0.0002
P19D02_004,0.0,1.4285714285714287e-05,6.666666666666667e-05,0.0,0.11355,0.0,0.7719,0.0,0.0,0.0004,0.0001,0.0,0.0,0.0,0.0
P19D03_004,0.0,0.11612857142857143,6.666666666666667e-05,0.0,0.0,0.0,0.1862,0.0001,5e-05,0.0001,0.0001,0.0,0.0,0.0,0.0002
P19D04_004,0.0,0.011399999999999999,0.0,0.0021,0.0,0.0042,0.5567,0.0021,0.0,0.0084,0.0021,0.0021,0.0021,0.1261,0.208
P19D06_004,0.0002,0.14232857142857142,6.666666666666667e-05,0.0002,0.0,0.0,0.0002,0.0,0.0,0.0,0.0,0.0,0.0,0.0,0.0031
P19D07_003,0.0036,7.142857142857143e-05,0.0,0.0,0.0,0.0,0.0005,0.0,0.0,0.0,0.0,0.0052,0.0,0.0001,0.0
P19D08_003,0.9801,8.571428571428573e-05,0.0,0.0186,0.0,0.0,0.0002,0.0,0.0001,0.0,0.0,0.0,0.0,0.0002,0.0
P19D09_003,0.5454,0.06472857142857143,0.0,0.0,5e-05,0.0001,0.0001,0.0,0.0001,0.0,0.0003,0.0,0.0,0.0005,0.0
P19D09_004,0.0,5.714285714285715e-05,0.0,0.0,5e-05,0.0,0.0,0.0001,5e-05,0.9992,0.0001,0.0,0.0001,0.0,0.0
P19D10_004,0.0001,0.14278571428571427,0.0,0.0,5e-05,0.0,0.0,0.0,5e-05,0.0,0.0,0.0001,0.0,0.0,0.0
P19D12_004,0.0,0.00017142857142857145,0.3328666666666667,0.0,0.0,0.0,0.0001,0.0,0.0,0.0,0.0,0.0,0.0,0.0,0.0
P19E01_003,0.0,4.2857142857142856e-05,0.0,0.0,0.0,0.0,0.8989,0.0,0.0001,0.0,0.1006,0.0,0.0,0.0,0.0
P19E01_004,0.0001,4.285714285714286e-05,3.3333333333333335e-05,0.0002,0.0001,0.0002,0.9972,0.0002,0.00015000000000000001,0.0002,0.0003,0.0001,0.0001,0.0,0.0003
P19E02_003,0.0,0.12572857142857144,0.0,0.0,0.00175,0.0,0.0002,0.0,0.0,0.0,0.116,0.0002,0.0002,0.0,0.0
P19E02_004,0.0001,0.00027142857142857144,6.666666666666667e-05,0.0,5e-05,0.0,0.7721,0.0,0.1124,0.0004,0.0002,0.0,0.0,0.0,0.0001
P19E03_003,0.0002,0.10588571428571428,6.666666666666667e-05,0.0,0.0,0.0,0.0,0.0,0.0,0.0,0.2576,0.0,0.001,0.0,0.0
P19E03_004,0.0004,0.023428571428571427,6.666666666666667e-05,0.0001,5e-05,0.0,0.8339,0.0,0.0002,0.0002,0.0002,0.0,0.0,0.0,0.0002
P19E04_004,0.0067,0.005714285714285714,0.0011,0.0067,0.0033,0.0067,0.3278,0.0033,0.0,0.0201,0.01,0.0,0.0,0.0033,0.5585
P19E05_003,0.0071,8.571428571428573e-05,0.0,0.0,0.0,0.0,0.0,0.0,0.49374999999999997,0.0,0.0002,0.0047,0.0,0.0,0.0
P19E05_004,0.0001,7.142857142857143e-05,3.3333333333333335e-05,0.0,0.28085,0.0001,0.0004,0.0,0.0003,0.0003,0.0001,0.0,0.0001,0.0002,0.4357
P19E06_004,0.0007,0.14245714285714287,3.3333333333333335e-05,0.0,0.00015,0.0,0.0003,0.0,0.0001,0.0,0.0,0.0,0.0,0.0,0.001
P19E08_003,0.5141,2.8571428571428574e-05,0.0,0.0,0.0,0.4811,0.0,0.0,0.0,0.0,0.0002,0.0,0.0,0.004,0.0
P19E08_004,0.0004,0.0004285714285714286,0.0,0.0018,0.00035,0.9875,0.0004,0.0,0.00075,0.0026,0.0,0.0004,0.0,0.0,0.0
P19E09_003,0.4032,0.0839,0.0,0.0,0.0,0.0,0.0,0.0,0.0,0.0001,0.0,0.0,0.0,0.0019,0.0
P19E09_004,0.0001,8.571428571428573e-05,3.3333333333333335e-05,0.0,0.49924999999999997,0.0001,0.0001,0.0,0.0001,0.0002,0.0001,0.0001,0.0001,0.0,0.0
P19E10_004,0.0002,0.1426714285714286,3.3333333333333335e-05,0.0,0.00015000000000000001,0.0,0.0,0.0,0.0002,0.0,0.0001,0.0,0.0,0.0,0.0
P19E11_004,0.0002,0.14268571428571428,3.3333333333333335e-05,0.0001,5e-05,0.0,0.0,0.0,5e-05,0.0003,0.0002,0.0,0.0,0.0,0.0001
P19E11_014,0.0002,2.8571428571428574e-05,0.0,0.0,0.0,0.0,0.0,0.0,0.0001,0.0,0.9989,0.0,0.0,0.0,0.0
P19E12_004,0.0,8.571428571428571e-05,0.3328333333333333,0.0,0.0,0.0,0.0001,0.0001,0.0001,0.0002,0.0,0.0,0.0,0.0,0.0
P19F01_004,0.0003,7.142857142857143e-05,9.999999999999999e-05,0.0,0.0001,0.0,0.9163,0.0811,0.0001,0.0002,0.0001,0.0002,0.0,0.0,0.0002
P19F02_004,0.0003,0.00015714285714285713,9.999999999999999e-05,0.0,0.18209999999999998,0.0,0.6323,0.0,0.00045,0.0007,0.0,0.0001,0.0,0.0,0.0
P19F03_003,0.0,2.8571428571428574e-05,0.0,0.0,0.00115,0.0,0.0003,0.0,0.00125,0.0002,0.4507,0.0,0.5413,0.0,0.0002
P19F03_004,0.0,0.00012857142857142858,0.0001333333333333333,0.0001,5e-05,0.0001,0.8817,0.0,0.05775,0.0003,0.0004,0.0003,0.0,0.0,0.0003
P19F05_004,0.0008,0.0007714285714285715,0.0005,0.0,0.00075,0.0015,0.0,0.0,0.48225,0.0023,0.0015,0.0008,0.0015,0.0008,0.0178
P19F06_003,0.0003,0.14207142857142857,0.0,0.0,0.00015,0.0003,0.0,0.0,0.0,0.0,0.0,0.0045,0.0,0.0,0.0
P19F06_004,0.0012,0.13692857142857143,0.0002666666666666667,0.0,0.0002,0.0,0.0006,0.0,0.0001,0.0,0.0,0.0,0.0002,0.0,0.0378
P19F08_003,0.3281,0.0,0.0,0.0,0.0,0.0,0.0002,0.0,0.0,0.0,0.0,0.0,0.0,0.6712,0.0
P19F08_004,0.0,0.0006285714285714286,0.00016666666666666666,0.0009,0.0009,0.9823,0.0009,0.0009,0.00095,0.0028,0.0,0.0005,0.0,0.0019,0.0005
P19F09_003,0.6713,0.04641428571428572,0.0,0.0,0.0,0.0,0.0,0.0,5e-05,0.0,0.0,0.0003,0.0,0.0026,0.0
P19F10_003,0.4318,0.00012857142857142858,3.3333333333333335e-05,0.0,0.0,0.0,0.0,0.0,0.0,0.0,0.0,0.0,0.0,0.0006,0.0001
P19F10_004,0.0001,0.14224285714285714,0.0006666666666666666,0.0,0.0001,0.0,0.0001,0.0,0.00025,0.0008,0.0,0.0003,0.0,0.0,0.0
P19F11_004,0.0001,0.14264285714285715,0.0001333333333333333,0.0,0.00015000000000000001,0.0,0.0001,0.0,0.0001,0.0001,0.0001,0.0,0.0,0.0,0.0
P19F11_014,0.0088,0.0012571428571428573,0.0,0.0,0.0,0.0,0.0,0.0088,0.0,0.0,0.0,0.9469,0.0,0.0088,0.0
P19F12_004,0.0,4.285714285714286e-05,0.3327333333333333,0.0,0.0,0.0,0.0001,0.0,0.00035,0.0002,0.0,0.0001,0.0,0.0,0.0
P19G01_003,0.0002,0.0,0.0,0.0,0.0001,0.0,0.0002,0.4563,0.0,0.0,0.5427,0.0002,0.0,0.0,0.0
P19G01_004,0.0,8.571428571428571e-05,0.00019999999999999998,0.0106,0.0,0.0001,0.9872,0.0003,5e-05,0.0001,0.0001,0.0,0.0,0.0,0.0
P19G02_004,0.0001,0.10657142857142857,6.666666666666667e-05,0.0,0.0,0.0,0.253,0.0,0.0002,0.0001,0.0,0.0,0.0,0.0,0.0
P19G03_003,0.0001,1.4285714285714287e-05,0.0,0.0,0.0003,0.0,0.0003,0.0,0.25479999999999997,0.0001,0.4872,0.0,0.0013,0.0,0.0
P19G03_004,0.0,0.00015714285714285716,0.09886666666666666,0.0,0.0002,0.0,0.7012,0.0,0.00039999999999999996,0.0,0.0,0.0,0.0,0.0002,0.0
P19G04_003,0.0003,0.00012857142857142858,9.999999999999999e-05,0.0,0.0,0.0,0.9931,0.0,0.0,0.0,0.0003,0.0048,0.0,0.0,0.0
P19G05_003,0.0006,0.1312142857142857,0.0,0.0003,0.0,0.0003,0.0001,0.0,0.0,0.0,0.0006,0.0792,0.0001,0.0,0.0
P19G05_004,0.0,2.8571428571428574e-05,0.00013333333333333334,0.0,0.3999,0.0001,0.0003,0.0,0.00035,0.0007,0.0,0.0,0.0005,0.0004,0.1966
P19G06_004,0.0,9.999999999999998e-05,0.00019999999999999998,0.0,0.00015,0.0,0.0005,0.0,0.47925,0.0,0.0,0.0,0.0,0.0,0.0393
P19G08_003,0.5401,2.8571428571428574e-05,0.0,0.0,0.0,0.0,0.0002,0.0002,0.2294,0.0,0.0,0.0,0.0,0.0,0.0
P19G08_004,0.0,5.714285714285715e-05,0.0003,0.0002,5e-05,0.0,0.0,0.0002,5e-05,0.0,0.0001,0.0,0.0,0.9978,0.0
P19G09_004,0.0,0.0006142857142857142,0.0005666666666666666,0.0,0.0007,0.0,0.0003,0.0,0.495,0.0014,0.0,0.0,0.0006,0.0,0.0
P19G10_004,0.0,0.1426285714285714,0.00016666666666666666,0.0,0.00025,0.0,0.0,0.0,0.0001,0.0005,0.0,0.0,0.0,0.0,0.0002
P19G11_004,0.0001,0.14257142857142857,0.00030000000000000003,0.0,5e-05,0.0,0.0001,0.0,5e-05,0.0005,0.0,0.0,0.0,0.0,0.0
P19G11_014,0.0,2.8571428571428574e-05,0.0,0.0,0.0,0.0,0.9996,0.0,0.0,0.0,0.0001,0.0,0.0,0.0,0.0
P19G12_004,0.0001,4.285714285714286e-05,0.0003,0.0,0.0,0.0,0.0,0.0001,0.00025,0.0002,0.0001,0.0,0.0,0.0,0.0
P19H01_003,0.0002,2.8571428571428574e-05,0.0,0.412,0.0,0.0,0.0,0.0,0.0001,0.0,0.5874,0.0,0.0,0.0,0.0
P19H01_004,0.0,7.142857142857143e-05,0.0004333333333333333,0.0,0.0,0.0074,0.9904,0.0,0.0,0.0002,0.0,0.0,0.0,0.0001,0.0
P19H02_003,0.0,0.10814285714285714,0.0021333333333333334,0.0,0.00175,0.0,0.0005,0.0,0.0,0.0,0.2317,0.0,0.0,0.0,0.0
P19H02_004,0.0001,0.022628571428571432,0.00013333333333333334,0.0,0.0,0.0001,0.8401,0.0,0.0,0.0006,0.0,0.0,0.0,0.0001,0.0
P19H03_004,0.0001,8.571428571428571e-05,0.1598,0.0002,0.0002,0.0,0.5183,0.0,5e-05,0.0004,0.0002,0.0,0.0,0.0,0.0001
P19H05_004,0.0,0.14248571428571427,0.00019999999999999998,0.0001,0.0001,0.0,0.0001,0.0,0.0,0.0004,0.0001,0.0,0.0,0.0004,0.0004
P19H06_004,0.0,5.714285714285715e-05,0.3327666666666667,0.0,0.0,0.0,0.0,0.0,0.0,0.0002,0.0,0.0,0.0,0.0,0.0011
P19H08_003,0.2745,0.0,0.0,0.0,0.35915,0.0,0.0,0.0,0.00135,0.0,0.0,0.0046,0.0,0.0,0.0
P19H08_004,0.0001,5.714285714285715e-05,0.00016666666666666666,0.0002,0.0001,0.0001,0.0,0.0002,0.0,0.0004,0.0,0.0,0.0,0.9978,0.0
P19H09_004,0.0003,0.00022857142857142854,0.00046666666666666666,0.0,0.00065,0.0,0.0005,0.0,0.49595,0.0016,0.0003,0.0,0.0008,0.0,0.0
P19H10_004,0.0,0.14255714285714285,0.0003,0.0003,0.0,0.0,0.0,0.0,0.0,0.0006,0.0,0.0,0.0,0.0,0.0
P19H11_004,0.0,0.14227142857142855,0.001,0.0,0.0,0.0,0.0,0.0,0.00025,0.0003,0.0,0.0,0.0003,0.0,0.0
P19H11_014,0.0,0.0,0.0022333333333333333,0.0,0.0,0.0,0.0,0.0,0.0017,0.0,0.0,0.0,0.0,0.0,0.9899
P19H12_004,0.0001,0.00048571428571428566,0.00046666666666666666,0.0,0.0,0.0,0.0,0.0,0.0,0.0003,0.0,0.0,0.0,0.0,0.0
P20A05_003,0.0,0.0,0.0011666666666666668,0.0,0.0,0.0,0.9817,0.0147,0.0,0.0,0.0,0.0,0.0,0.0,0.0
P20A06_003,0.0002,0.00011428571428571427,0.0,0.0002,0.20655,0.0,0.5857,0.0,0.0,0.0,0.0,0.0,0.0,0.0,0.0
P20A07_003,0.0,4.285714285714286e-05,3.3333333333333335e-05,0.0,0.0,0.0,0.8853,0.0,0.05705,0.0,0.0,0.0,0.0,0.0,0.0
P20A08_003,0.0,5.714285714285715e-05,0.0,0.0002,0.00025,0.0,0.9774,0.0,0.0001,0.0,0.0002,0.0,0.0,0.0,0.0212
P20A09_003,0.0,0.14048571428571427,0.0,0.0,0.0,0.0,0.0002,0.0,0.0001,0.0,0.0,0.0,0.0,0.0,0.0143
P20A12_003,0.0029,2.8571428571428574e-05,0.0,0.0,0.0,0.0,0.0029,0.0,0.0001,0.0,0.0,0.0,0.0,0.0,0.9936
P20B04_003,0.0,2.8571428571428574e-05,0.00016666666666666666,0.0,0.0,0.0,0.0029,0.0,0.0,0.0,0.0,0.0,0.0,0.0,0.0
P20B05_003,0.0,0.0001,6.666666666666667e-05,0.0368,0.0,0.0,0.962,0.0,0.0,0.0,0.0,0.0,0.0,0.0002,0.0
P20B06_003,0.0002,0.021785714285714287,0.0,0.0007,0.00015,0.0,0.8463,0.0,0.0,0.0,0.0,0.0,0.0,0.0,0.0
P20B07_003,0.0002,0.00017142857142857143,0.048133333333333334,0.0,0.0,0.0,0.8539,0.0,0.0,0.0002,0.0,0.0,0.0,0.0,0.0
P20B10_003,0.0023,5.714285714285715e-05,0.0,0.0,0.0,0.0,0.0,0.0,0.0,0.0,0.0003,0.0,0.6953,0.0,0.2989
P20C05_003,0.0,0.0002285714285714286,0.0,0.0,0.0001,0.0386,0.9596,0.0,0.0,0.0,0.0,0.0,0.0,0.0,0.0
P20C06_003,0.0,0.09664285714285714,0.0,0.0,0.0,0.0,0.3233,0.0,0.0,0.0,0.0,0.0,0.0002,0.0,0.0
P20C08_003,0.0,5.714285714285715e-05,0.0,0.0002,0.0,0.0005,0.0,0.4448,0.0001,0.0,0.0,0.0,0.0,0.0,0.554
P20C09_003,0.0,2.8571428571428574e-05,0.0,0.0,0.3025,0.0,0.0002,0.0,0.0,0.0,0.0002,0.0,0.0,0.0,0.3943
P20C10_003,0.0002,2.8571428571428574e-05,6.666666666666667e-05,0.0,0.0,0.0002,0.0004,0.0,0.3259,0.0,0.0,0.0,0.0,0.0,0.3469
P20D03_003,0.0002,0.1426714285714286,0.0,0.0,0.0,0.0,0.0,0.0,0.0,0.0,0.0,0.0,0.0,0.0002,0.0
P20D05_003,0.0,0.0,0.0,0.0,0.0,0.0,0.995,0.0,0.0,0.0,0.0002,0.0,0.0,0.0045,0.0002
P20D06_003,0.0006,0.008814285714285715,0.0,0.0,0.0,0.0,0.9367,0.0,0.0,0.0,0.0,0.0,0.0006,0.0,0.0
P20D07_003,0.0002,5.714285714285715e-05,6.666666666666667e-05,0.0,0.0,0.0,0.4564,0.0,0.0,0.0,0.0,0.0,0.0,0.0,0.0
P20D09_003,0.0,0.1319857142857143,0.0,0.0,0.0002,0.0,0.0,0.0,0.0002,0.0,0.0002,0.0,0.0,0.0,0.075
P20D12_003,0.0046,0.00038571428571428567,6.666666666666667e-05,0.0,0.0001,0.0,0.0084,0.0,0.00030000000000000003,0.0,0.0,0.0,0.0,0.0,0.9829
P20E01_003,0.0011,0.0,0.0,0.0,0.0,0.0,0.9983,0.0,0.0,0.0,0.0003,0.0,0.0,0.0,0.0003
P20E02_003,0.0,0.14182857142857144,0.0,0.0,0.0,0.0003,0.0008,0.0,0.0,0.0,0.0,0.0,0.0,0.0,0.0
P20E05_003,0.0004,5.714285714285715e-05,0.0,0.0,0.0,0.0,0.78,0.0,0.1096,0.0,0.0,0.0,0.0,0.0,0.0
P20E08_003,0.0,2.8571428571428574e-05,0.0,0.0,0.0,0.8573,0.0,0.0002,0.0,0.0,0.0,0.0,0.0,0.0,0.1421
P20E09_003,0.0002,0.14125714285714286,0.0,0.0,0.0,0.0008,0.0,0.0,0.0,0.0,0.0,0.0,0.0,0.0,0.0102
P20E11_020,0.9975,0.0001,0.0,0.0002,0.0,0.0,0.0,0.0003,0.00015000000000000001,0.0,0.0001,0.0002,0.0001,0.0002,0.0
P20F05_003,0.0004,0.0,0.0,0.0,0.09565,0.0,0.808,0.0,0.0,0.0,0.0,0.0,0.0,0.0002,0.0002
P20F06_003,0.0005,0.07864285714285714,0.0,0.0,0.0,0.0,0.449,0.0,0.0,0.0,0.0,0.0,0.0,0.0,0.0
P20F08_003,0.0,0.0,0.0,0.0,0.0,0.0,0.0,0.0,0.0,0.0,0.0,0.0,0.0,0.6993,0.3007
P20F10_003,0.0002,2.8571428571428574e-05,0.0,0.0,0.0,0.0,0.0002,0.0,0.0,0.0,0.0,0.0,0.0002,0.0002,0.0096
P20F11_003,0.0,0.0,0.0005333333333333333,0.0,0.0,0.0,0.9882,0.0,0.0002,0.0,0.0,0.0,0.0,0.0,0.0008
P20F11_020,0.0002,7.142857142857143e-05,3.3333333333333335e-05,0.0,0.0,0.0,0.0001,0.9983,0.00015,0.0001,0.0,0.0002,0.0,0.0001,0.0
P20G04_003,0.0003,0.0,9.999999999999999e-05,0.0,0.0,0.0,0.9995,0.0,0.0,0.0,0.0,0.0,0.0,0.0,0.0
P20G05_003,0.0,0.07921428571428571,0.0,0.0,0.0,0.0004,0.445,0.0,0.0,0.0,0.0,0.0,0.0,0.0002,0.0
P20G06_003,0.0,0.011242857142857143,0.0,0.0,0.0,0.0,0.9208,0.0,0.0,0.0,0.0005,0.0,0.0,0.0,0.0
P20G08_003,0.0,2.8571428571428574e-05,0.0,0.0,0.0,0.0,0.0,0.0,0.48705,0.0,0.0,0.0,0.0,0.0,0.0258
P20G11_003,0.0017,0.0,0.0,0.0,0.0,0.0,0.9949,0.0,0.0004,0.0,0.0017,0.0,0.0,0.0,0.0
P20G11_020,0.6199,0.00010000000000000002,0.0,0.0,0.0,0.0001,0.0,0.3786,0.00015,0.0,0.0001,0.0001,0.0,0.0001,0.0
P20H02_003,0.0025,0.13774285714285714,0.0,0.0,0.0,0.0,0.0,0.0,0.0,0.0,0.0,0.0,0.0,0.0,0.0003
P20H06_003,0.0,8.571428571428571e-05,0.0,0.0,0.0,0.0,0.8044,0.0,0.0,0.0,0.0,0.0,0.1949,0.0,0.0
P20H08_003,0.001,2.8571428571428574e-05,0.0,0.0,0.2153,0.0,0.0014,0.0,0.0014,0.0002,0.0,0.0,0.0,0.0,0.5638
P20H11_003,0.0012,0.0007857142857142856,0.00019999999999999998,0.0,0.0003,0.0,0.983,0.0,0.0021,0.0,0.0,0.0,0.0,0.0,0.0018
P21E11_020,0.9995,0.0,0.0,0.0,0.0,0.0,0.0001,0.0,0.0,0.0,0.0002,0.0001,0.0,0.0001,0.0
P21F11_020,0.0003,1.4285714285714287e-05,0.0,0.0001,0.0,0.0,0.0001,0.9992,5e-05,0.0001,0.0,0.0,0.0,0.0,0.0
