sample_id,k__Bacteria;p__Bacteroidetes;c__Bacteroidia;o__Bacteroidales;f__Bacteroidaceae;g__Bacteroides;s__,k__Bacteria;p__Firmicutes;c__Clostridia;o__Clostridiales;f__Lachnospiraceae;g__Blautia;s__,k__Bacteria;p__Bacteroidetes;c__Bacteroidia;o__Bacteroidales;f__Bacteroidaceae;g__Bacteroides;s__uniformis,k__Bacteria;p__Firmicutes;c__Clostridia;o__Clostridiales;f__Lachnospiraceae;g__Coprococcus;s__,k__Bacteria;p__Firmicutes;c__Clostridia;o__Clostridiales;f__Ruminococcaceae;g__Faecalibacterium;s__prausnitzii,k__Bacteria;p__Firmicutes;c__Clostridia;o__Clostridiales;f__Ruminococcaceae;g__Faecalibacterium;__,k__Bacteria;p__Firmicutes;c__Clostridia;o__Clostridiales;f__Lachnospiraceae;g__Roseburia;s__faecis,k__Bacteria;p__Bacteroidetes;c__Bacteroidia;o__Bacteroidales;f__Bacteroidaceae;g__Bacteroides;s__acidifaciens,k__Bacteria;p__Firmicutes;c__Clostridia;o__Clostridiales;f__Lachnospiraceae;__;__,k__Bacteria;p__Firmicutes;c__Clostridia;o__Clostridiales;f__Lachnospiraceae;g__Anaerostipes;s__,k__Bacteria;p__Firmicutes;c__Clostridia;o__Clostridiales;f__Ruminococcaceae;g__Ruminococcus;s__bromii,k__Bacteria;p__Firmicutes;c__Clostridia;o__Clostridiales;f__Ruminococcaceae;g__Ruminococcus;s__,k__Bacteria;p__Firmicutes;c__Clostridia;o__Clostridiales;f__Ruminococcaceae;g__;s__,k__Bacteria;p__Firmicutes;c__Clostridia;o__Clostridiales;f__Lachnospiraceae;g__Clostridium;s__clostridioforme,k__Bacteria;p__Firmicutes;c__Clostridia;o__Clostridiales;f__Ruminococcaceae;g__Gemmiger;s__formicilis,k__Bacteria;p__Actinobacteria;c__Coriobacteriia;o__Coriobacteriales;f__Coriobacteriaceae;g__Collinsella;s__aerofaciens,k__Bacteria;p__Firmicutes;c__Clostridia;o__Clostridiales;f__Lachnospiraceae;g__Lachnospira;s__,k__Bacteria;p__Bacteroidetes;c__Bacteroidia;o__Bacteroidales;f__Porphyromonadaceae;g__Parabacteroides;s__distasonis,k__Bacteria;p__Bacteroidetes;c__Bacteroidia;o__Bacteroidales;f__Bacteroidaceae;g__Bacteroides;s__plebeius,k__Bacteria;p__Firmicutes;c__Clostridia;o__Clostridiales;f__;g__;s__,k__Bacteria;p__Actinobacteria;c__Actinobacteria;o__Bifidobacteriales;f__Bifidobacteriaceae;g__Bifidobacterium;s__,k__Bacteria;p__Actinobacteria;c__Actinobacteria;o__Bifidobacteriales;f__Bifidobacteriaceae;g__Bifidobacterium;__,k__Bacteria;p__Firmicutes;c__Clostridia;o__Clostridiales;f__Ruminococcaceae;__;__,k__Bacteria;p__Bacteroidetes;c__Bacteroidia;o__Bacteroidales;f__Porphyromonadaceae;g__Parabacteroides;s__,k__Bacteria;p__Verrucomicrobia;c__Verrucomicrobiae;o__Verrucomicrobiales;f__Verrucomicrobiaceae;g__Akkermansia;s__muciniphila,k__Bacteria;p__Proteobacteria;c__Gammaproteobacteria;o__Aeromonadales;f__Succinivibrionaceae;g__Succinivibrio;s__
Glucan_4,1.550023485,2.360263034,22.53405355,2.207609206,2.043212776,4.039455143,0.0,0.211366839,0.857209958,21.94692344,0.0,2.782996712,3.47581024,1.244715829,2.254579615,2.583372475,0.469704086,1.056834194,0.0,1.526538281,2.618600282,0.317050258,0.821982151,0.105683419,0.563644904,0.0
Blank_3,12.6379624,6.707095209,3.723468769,3.238326258,1.346270467,2.522741055,2.63189812,0.92177077,0.764099454,0.072771377,9.217707702,1.637355973,4.20861128,1.200727714,3.456640388,0.0,0.375985446,0.266828381,0.0,4.063068526,0.0,0.642813827,1.697998787,1.552456034,2.716798059,0.0
Blank_8,8.846453624,4.351779683,1.000259808,3.59833723,4.871395168,2.61106781,0.805404001,1.26006755,2.091452325,0.142894258,0.0,3.19563523,6.157443492,0.350740452,4.091971941,2.1174331,1.039230969,3.585346843,0.0,3.078721746,0.09093271,0.09093271,3.59833723,0.701480904,5.637828007,0.0
RS_7,27.03402367,8.962031558,0.0,4.41321499,0.25887574,8.444280079,0.0,8.999013807,7.359467456,0.308185404,0.0,0.024654832,0.0,3.303747535,0.0,3.895463511,0.456114398,2.909270217,0.0,0.209566075,9.048323471,0.0,0.049309665,2.021696252,0.0,0.0
FOS_8,14.54355764,6.520605112,2.316118936,4.882629108,3.693270736,1.857068336,0.156494523,0.594679186,1.617110068,0.0,0.0,2.973395931,2.837767345,2.170057381,3.745435576,3.432446531,0.34428795,7.636932707,0.0,1.825769431,0.093896714,0.312989045,1.418883672,0.500782473,1.460615545,0.0
Glucan_6,12.4649005,1.806861189,14.6746429,1.758027103,3.247466732,3.100964473,0.988890245,0.134293737,1.269686241,16.02978879,2.637040654,4.541570016,2.270785008,0.439506776,0.170919302,2.429495788,1.147601026,0.988890245,0.756928336,1.648150409,0.195336345,0.756928336,0.964473202,0.622634599,0.305213039,7.605908924
RS_3,14.86681809,12.05864134,1.73446211,4.253561842,0.991121206,2.498451373,1.20792897,0.908527772,0.784637621,0.092917613,9.787321908,0.598802395,3.252116457,1.589923601,3.117902127,0.0,0.072269255,0.443939707,0.0,3.819946314,0.0,0.557505678,0.856906876,3.696056164,2.044187487,0.0
Pectin_5,30.79250553,3.770510881,4.014895845,3.793785639,11.41626906,5.399743978,0.593506342,0.62841848,5.457930874,0.069824276,0.837891307,0.360758757,0.989177237,1.687419993,1.361573374,0.128011172,2.606772955,0.093099034,3.78214826,1.280111719,0.0,0.872803445,0.47713255,0.79134179,0.698242756,0.0
Glucan_10,18.33056675,5.003557031,14.28740811,3.236898269,1.09082286,0.0,2.003794166,3.687455537,0.936684847,0.0,0.0,0.047427081,0.106710932,0.0,0.0,0.0,0.0,5.691249704,0.0,0.355703106,0.0,2.76262746,0.02371354,0.189708323,0.0,0.0
Pectin_10,25.60557722,7.006971523,3.852061917,3.6157391,8.803024932,0.0,5.671747607,11.02445941,0.614439324,0.0,0.047264563,0.094529127,0.070896845,0.011816141,0.0,0.0,0.047264563,1.784237268,0.0,0.28358738,0.0,2.339595888,0.0,0.189058254,0.0,0.0
Blank_8,8.828395247,3.654684915,0.947510904,3.624605204,4.226199428,2.616934877,0.812152203,1.143029027,1.95518123,0.150398556,0.0,3.29372838,5.910663258,0.526394947,4.767634231,2.090539931,0.947510904,3.338847947,0.0,3.308768236,0.105278989,0.195518123,3.143329824,0.61663408,6.437058204,0.0
RS_9,8.889133062,7.361828371,10.64718163,5.922426107,0.0,2.933743545,0.0,0.846060872,0.879024283,0.0,9.537413471,0.52741457,0.86803648,2.109658279,0.0,0.0,0.230743874,2.85682892,2.087682672,1.329524228,0.0,4.636853093,2.197560708,2.472255796,3.38424349,0.0
Blank_4,1.999756127,6.36507743,1.950981588,4.133642239,4.353127667,6.718692842,0.756005365,0.951103524,1.963175223,0.182904524,0.0,4.462870382,5.353005731,2.133886111,3.658090477,5.023777588,1.194976222,0.560907206,0.0,2.585050604,4.938422144,0.365809048,1.390074381,0.207291794,0.74381173,0.0
Glucan_5,11.88844813,3.389830508,20.14665224,4.976559683,5.818006972,4.183195096,0.276475538,0.084144729,4.315422527,16.37216012,1.286212285,0.781343912,1.767039308,1.70693593,0.721240534,0.060103378,1.081860801,0.168289458,0.084144729,1.610770525,0.0,0.769323236,0.43274432,0.43274432,0.997716072,0.0
Blank_2,2.71959264,4.652239324,1.377155422,4.94155769,8.274505266,2.71959264,11.20240713,9.165605833,2.013655827,0.543918528,0.47448212,1.435019095,1.064691587,5.601203564,2.083092235,1.492882768,1.585464645,0.578636732,0.069436408,1.886355746,2.360837866,2.881610925,0.381900243,0.79851869,0.023145469,0.0
FOS_3,16.5351418,11.24537608,4.290998767,6.473489519,0.789149199,2.034525277,1.997533909,1.048088779,0.863131936,0.024660912,9.556103576,0.924784217,2.194821208,2.61405672,3.304562269,0.0,0.073982737,0.604192355,0.0,2.392108508,0.0,2.009864365,0.727496917,1.528976572,1.676942047,0.0
FOS_1,12.55080086,5.199617499,2.020081281,5.510399235,3.60984939,3.083911069,12.34759742,1.051876644,1.075782931,0.167344011,2.283050442,2.259144155,1.374611523,3.155629931,1.243126942,3.980396844,0.765001195,0.0,11.39134592,0.824766914,0.322734879,0.0,1.518049247,1.75711212,0.765001195,0.0
Pectin_10,25.57093835,6.49627263,4.319015501,3.940362087,7.821559579,0.0,4.969826056,12.25890427,0.591645959,0.0,0.0,0.059164596,0.023665838,0.0,0.0,0.0,0.0,1.905099988,0.0,0.212992545,0.0,2.555910543,0.0,0.165660869,0.0,0.0
Blank_6,7.266786841,2.613789995,0.991437584,2.546191978,6.320414601,3.931951329,3.210905813,0.090130689,2.050473186,0.14646237,3.661559261,7.908968004,3.041910771,0.70977918,0.191527715,3.503830554,2.681388013,0.47318612,2.151870212,2.309598918,0.360522758,0.721045516,1.847679135,1.374493015,0.585849482,12.87742226
Blank_7,26.89065363,5.167990226,0.0,5.045815516,0.024434942,8.381185095,0.0,5.998778253,4.874770922,0.476481368,6.438607208,0.0,0.0,0.904092853,0.0,4.777031155,0.952962737,1.514966402,0.0,0.635308491,9.004276115,0.0,0.036652413,0.574221136,0.0,0.0
Pectin_2,20.34660524,3.498957991,0.581331578,2.983437534,7.206317868,2.698256005,4.694526708,7.809586487,3.016343095,0.054842602,0.405835253,0.745859384,1.436876165,3.531863552,2.994406055,0.680048261,10.7820555,0.63617418,0.0,1.667215093,1.206537238,1.480750247,0.63617418,1.217505758,0.054842602,0.0
Pectin_2,20.20937642,3.698224852,0.853436504,2.878925808,6.986800182,2.901684115,5.063723259,6.964041875,3.698224852,0.056895767,0.386891215,0.819299044,1.775147929,3.527537551,3.163404643,0.807919891,10.49157943,0.762403277,0.0,1.456531634,0.989986345,2.116522531,0.659990897,1.001365498,0.091033227,0.0
Blank_9,7.03822385,4.875257496,7.8049897,5.550469215,0.0,5.493247883,0.0,0.64087892,1.155870909,0.0,6.958113985,0.686655985,2.460517281,1.338979171,0.0,0.0,1.052872511,1.72808423,1.5678645,1.773861295,0.0,2.97550927,4.211490043,2.01419089,4.806591897,0.0
Glucan_10,18.31429697,6.22292241,14.02126822,3.570959695,1.260338716,0.0,1.61480898,3.177103847,1.024025207,0.0,0.0,0.0,0.144413811,0.0,0.0,0.0,0.0,5.566495996,0.0,0.236313509,0.0,2.573191545,0.052514113,0.223184981,0.0,0.0
FOS_2,6.066035321,7.48656258,1.228564116,6.437164064,8.548758638,2.290760174,6.321986179,10.99308933,1.714870745,0.140772972,0.627079601,0.998208344,1.548502687,9.444586639,1.510110059,2.636293832,0.793447658,1.343742002,0.0,1.458919887,2.661888917,4.607115434,0.678269772,1.625287945,0.063987714,0.0
RS_8,7.223740726,2.7593388,0.950149681,3.683456983,5.583756345,2.394897826,0.247299232,1.509826891,2.303787583,0.026031498,0.0,2.277756085,3.57933099,0.494598464,3.969803462,3.72250423,0.351425225,7.379929715,0.0,2.355850579,0.052062996,0.130157491,1.626968632,1.92633086,2.394897826,0.0
RS_10,22.66207688,6.712564544,6.551921974,4.520940906,4.853700516,0.0,15.05450373,8.250143431,0.309810671,0.0,0.0,0.057372347,0.0,0.0,0.0,0.0,0.0,3.407917384,0.022948939,0.229489386,0.0,3.384968445,0.0,0.298336202,0.0,0.0
Pectin_8,16.10443623,2.911275416,0.392791128,1.54805915,13.28558226,3.200092421,0.427449168,2.264325323,2.275878004,0.057763401,0.0,1.409426987,5.002310536,0.670055453,6.284658041,1.0512939,4.482439926,3.812384473,0.0,4.008780037,0.057763401,0.103974122,2.010166359,1.224584104,1.883086876,0.0
Blank_6,7.208184778,2.139203224,0.976592776,2.480235622,5.906061076,4.495427066,2.960781274,0.031002945,2.449232677,0.23252209,3.999379941,8.293287862,3.270810727,0.930088358,0.248023562,3.441326926,2.247713533,0.620058906,2.046194388,2.340722369,0.29452798,0.930088358,1.395132538,0.961091304,0.496047124,12.32367075
Blank_10,26.92598595,7.358184765,4.213938412,4.851431659,3.987034036,0.0,5.29443544,5.013506213,0.432198811,0.0,0.0,0.086439762,0.151269584,0.0,0.0,0.0,0.0,1.663965424,0.0,0.280929227,0.0,4.959481361,0.0,0.075634792,0.0,0.0
Pectin_9,27.1751629,3.500702696,3.475150121,3.079085218,0.025552574,8.215152677,0.0,2.1975214,2.1975214,0.0,2.989651207,0.421617478,0.804906094,1.124313275,0.0,0.0,4.688897406,0.996550402,2.095311103,1.622588476,0.0,1.290405008,2.095311103,1.545930753,2.670244027,0.0
Pectin_6,13.09809919,2.840288399,1.605855364,1.999126065,5.636880052,4.304129342,3.878086083,0.447891632,2.578107931,0.043696745,2.567183745,4.489840507,1.944505134,0.7100721,0.262180468,2.457941883,8.761197291,0.513436749,2.272230719,3.178938169,0.120166048,0.76469303,1.157963732,1.682324667,0.229407909,8.444395893
RS_10,20.9663287,7.147327575,5.858054825,4.355989486,5.244711478,0.0,17.67430217,7.472775066,0.475654024,0.0,0.0,0.0,0.0,0.0,0.0,0.0,0.0,2.891475779,0.0,0.225309801,0.0,3.079233947,0.0,0.300413068,0.0,0.0
FOS_7,34.76511809,5.177783545,0.0,5.58006748,0.285491825,10.64105892,0.0,5.69685959,3.296132883,0.298468726,0.103815209,0.0,0.0,3.283155982,0.0,4.866337919,0.752660265,2.543472619,0.0,0.142745912,11.31585777,0.0,0.038930703,0.363353231,0.0,0.0
RS_1,12.39816169,3.112596616,1.545853353,2.966367245,3.551284729,2.611238772,12.48172133,0.919156048,3.791518696,0.188009192,3.57217464,9.275120117,1.472738667,1.336954251,1.075830374,1.629412994,0.992270733,0.0,7.645707123,1.044495509,0.073114686,0.0,1.660747859,2.203885523,0.501357844,0.0
Glucan_3,7.451323015,4.892661008,7.076884673,2.196704943,0.811283075,2.371442836,1.148277584,0.137294059,0.84872691,5.866200699,7.176734898,1.198202696,4.530703944,1.123315027,3.769345981,0.0,0.287069396,0.461807289,0.0,3.25761358,0.0,0.399400899,1.397903145,1.185721418,2.034448328,0.0
RS_4,2.472395583,6.62506001,2.136341815,2.35237638,3.696591455,6.120979357,5.784925588,0.79212674,3.240518483,0.096015362,0.0,3.792606817,2.976476236,1.56024964,5.08881421,4.920787326,0.672107537,1.17618819,0.0,2.256361018,3.288526164,0.936149784,0.984157465,0.696111378,0.38406145,0.0
FOS_3,17.92286953,9.78783261,5.614816551,6.177470402,0.597819716,2.508498418,1.898956746,1.969288477,0.679873403,0.0,9.998827804,0.656429492,2.027898253,2.063064119,2.672605791,0.0,0.093775642,0.550931895,0.0,2.62571797,0.0,1.910678701,0.902590552,1.418356582,1.453522448,0.0
FOS_4,8.179669031,4.527186761,1.903073286,2.612293144,4.763593381,7.825059102,0.61465721,1.773049645,1.619385343,0.153664303,0.0,2.955082742,2.966903073,1.477541371,6.513002364,3.427895981,8.29787234,0.709219858,0.0,2.375886525,2.541371158,0.425531915,1.016548463,0.24822695,0.460992908,0.0
Glucan_7,11.61197259,4.002884962,0.0,2.933044837,0.360620267,2.368073086,0.0,7.837480466,1.70693593,31.02536363,1.646832552,0.0,0.0,2.68061065,0.0,1.346315663,0.060103378,11.33549705,0.0,0.32455824,5.096766438,0.0,0.0,0.709219858,0.0,0.0
FOS_7,34.6738667,5.627398039,0.0,6.238453887,0.142106011,10.77163564,0.0,5.357396618,3.353701862,0.468949837,0.071053006,0.0,0.0,3.495807873,0.0,4.860025579,0.653687651,2.373170385,0.0,0.142106011,11.5390081,0.0,0.0,0.341054427,0.0,0.0
Glucan_1,5.59666975,1.838575393,25.04625347,2.555504163,2.601757632,2.208603145,3.758094357,1.017576318,1.086956522,17.1253469,0.936632747,2.705827937,1.838575393,2.127659574,0.693802035,1.248843663,0.844125809,0.023126735,3.665587419,0.693802035,0.12719704,0.0,1.688251619,1.3066605,1.075393154,0.0
FOS_8,13.40425532,7.624113475,2.174940898,5.059101655,3.853427896,1.985815603,0.224586288,0.721040189,1.891252955,0.023640662,0.0,2.647754137,2.541371158,1.820330969,4.26713948,3.888888889,0.307328605,7.517730496,0.0,2.234042553,0.153664303,0.401891253,0.839243499,0.48463357,1.205673759,0.0
Pectin_9,28.02266289,2.900849858,3.478753541,3.082152975,0.0,6.968838527,0.0,2.583569405,2.11898017,0.0,2.787535411,0.362606232,0.963172805,1.076487252,0.0,0.0,3.966005666,0.849858357,2.277620397,1.949008499,0.0,1.314447592,1.858356941,1.631728045,2.934844193,0.0
Glucan_6,12.00941915,1.896912611,16.24803768,1.517530089,2.838827839,2.721088435,0.798011512,0.078492936,1.216640502,17.17687075,2.825745683,4.709576138,2.250130822,0.222396651,0.248560963,2.433281005,0.954997384,0.719518577,0.641025641,1.569858713,0.170068027,0.706436421,1.098901099,0.693354265,0.209314495,7.326007326
Pectin_6,12.71520198,3.37571734,1.901654101,2.070439968,5.727467087,4.242151457,3.848317768,0.483852819,2.306740182,0.168785867,2.216721053,4.062113199,1.912906493,0.551367166,0.39383369,2.88061213,10.01462811,0.506357601,2.655564307,2.858107348,0.067514347,0.562619557,0.945200855,1.417801283,0.180038258,8.202993136
Glucan_7,12.0031076,3.884500842,0.0,2.835685614,0.297811731,2.44723553,0.0,7.67836333,1.489058656,30.90767836,1.722128706,0.0,0.0,2.38249385,0.0,1.890457076,0.051793345,10.9283957,0.0,0.142431698,5.593681212,0.0,0.0,0.854590185,0.0,0.0
FOS_6,10.77868852,8.278688525,1.331967213,2.961065574,4.108606557,3.62704918,6.178278689,0.06147541,2.172131148,0.071721311,5.102459016,4.549180328,1.823770492,1.618852459,0.18442623,3.780737705,1.547131148,1.014344262,1.024590164,2.56147541,0.420081967,2.110655738,0.901639344,1.383196721,0.245901639,8.463114754
Blank_3,12.61676854,6.481374697,3.851920194,2.940837274,1.568446546,2.387267905,2.44493138,0.991811786,0.749625187,0.080728866,9.007034944,1.568446546,4.174835659,0.876484835,3.436743167,0.0,0.357513551,0.265251989,0.0,3.64433168,0.0,0.495905893,1.626110022,1.556913851,2.756314151,0.0
Glucan_7,11.20800205,4.360092331,0.0,2.577583996,0.179533214,2.462169787,0.0,8.078994614,1.679917928,29.61015645,2.449345986,0.0,0.0,2.10310336,0.0,1.538856117,0.089766607,12.52885355,0.0,0.294947422,5.629648628,0.0,0.012823801,0.92331367,0.0,0.0
Pectin_2,19.80589098,3.588759734,0.72226611,3.024489335,7.087236204,2.60692924,4.751156754,7.312944363,3.532332694,0.090283264,0.383703871,1.060828349,1.523530076,3.656472181,3.306624534,0.868976413,10.26972125,0.643268254,0.0,1.455817628,1.196253245,1.647669563,0.801263966,1.286536508,0.045141632,0.0
Glucan_5,12.59449652,3.507710916,21.22769882,4.414877533,5.170849713,3.946174781,0.226791654,0.0,3.946174781,16.05684911,1.360749924,0.816449955,1.935288781,1.360749924,0.846688842,0.105836105,0.997883278,0.181433323,0.120955549,1.13395827,0.0,0.831569398,0.725733293,0.604777744,0.937405503,0.0
Blank_2,2.999880483,4.732879168,4.051631409,4.015776264,8.031552528,2.581570455,10.03944066,7.816421657,1.983984702,1.828612406,0.478068603,1.458109239,1.087606071,5.198996056,2.031791562,1.864467551,1.398350663,0.334648022,0.430261743,1.063702641,2.402294729,3.203059639,0.513923748,1.087606071,0.119517151,0.0
Glucan_1,5.770314437,2.084976896,25.63958075,2.445621549,2.355460385,1.791953116,3.730418122,0.935422067,0.991772794,17.60396709,1.014313085,2.332920095,2.084976896,1.90465457,0.721289305,0.619857996,1.093204102,0.0,3.696607686,0.721289305,0.056350727,0.0,1.589090499,0.969232503,1.014313085,0.0
FOS_4,7.817779331,4.893393918,1.875801002,2.504951649,5.708959571,8.540137481,0.838867529,1.374810672,1.817546312,0.081556565,0.0,2.586508214,3.530234184,0.862169405,6.60608179,3.262262612,7.701269952,0.66410346,0.0,2.761272282,2.225329139,0.361179075,1.234999417,0.349528137,0.547594081,0.0
Blank_10,26.32847331,7.241836366,4.289673455,4.735510302,4.024581275,0.0,6.362212315,4.193276298,0.63863116,0.0,0.0,0.228943246,0.060248223,0.0,0.0,0.0,0.0,2.566574286,0.0,0.289191469,0.0,3.952283408,0.0,0.072297867,0.024099289,0.0
Pectin_4,3.537365689,9.030544489,2.016177713,4.865386937,3.802969938,7.328262707,2.656042497,1.014125317,1.303875407,0.169020886,0.0,2.390438247,2.656042497,2.305927804,5.662199686,6.966075094,0.603646022,0.712302306,0.0,1.93166727,5.408668357,1.36424001,0.857177351,0.289750091,0.434625136,0.0
Glucan_4,1.816709095,2.580421199,22.30965054,1.874566073,2.001851423,4.026845638,0.023142791,0.393427447,0.925711641,20.6202268,0.0,2.649849572,3.436704467,1.064568387,2.302707707,2.649849572,0.590141171,1.076139782,0.0,1.654709558,2.707706549,0.428141634,1.180282342,0.046285582,0.381856052,0.0
Glucan_9,3.318375059,4.310344828,28.82616911,4.003306566,0.0,3.117619273,0.0,0.224374114,2.940481814,0.0,3.578176665,0.519603212,1.665092111,1.405290505,0.0,0.0,0.507794048,1.913084554,0.307038262,1.157298063,0.0,1.511572981,2.633443552,1.617855456,3.778932452,0.0
Glucan_6,11.91851307,2.1211803,16.00336029,1.75364906,3.223774021,3.370786517,1.207602646,0.126010711,1.291609787,14.55423711,2.614722251,4.756904337,2.047674052,0.430536596,0.199516959,2.005670482,1.144597291,0.945080332,0.703559803,1.480625853,0.178515174,0.556547307,0.97658301,0.787566943,0.388533025,7.62364801
RS_5,19.3076064,5.658270257,7.035612359,5.906440005,7.358233031,4.268519667,2.791909666,0.645241345,7.283782107,0.0,1.00508748,0.434297059,0.992678992,2.29557017,1.513835463,0.086859412,1.265665715,0.33502916,2.742275717,1.464201514,0.0,3.424742524,0.608015883,2.283161683,0.868594118,0.0
Blank_9,7.678399229,4.616682739,8.449855352,5.351976856,0.0,5.06268081,0.0,0.94021215,1.00048216,0.0,6.340405014,0.759402122,1.940694311,1.301832208,0.0,0.0,1.446480231,1.880424301,1.735776278,1.518804243,0.0,2.62777242,4.074252652,1.482642237,5.822082932,0.0
Pectin_4,3.30176925,8.597059556,2.554198854,4.871667082,3.451283329,6.416645901,2.903065039,0.897084475,1.544978819,0.099676053,0.0,2.653874907,2.516820334,2.043359083,5.743832544,6.765512086,0.647894343,0.884624969,0.0,1.744330924,5.955644156,1.3207077,1.158734114,0.186892599,0.461001744,0.0
RS_1,12.07889256,3.123851525,1.739556536,2.572583609,2.927845155,2.646085998,12.4831557,0.967781453,4.140634571,0.073502389,3.197353914,8.599779493,1.408795786,1.592551758,0.91877986,1.298542203,0.563518314,0.0,8.134264364,0.931030258,0.061251991,0.0,1.543550165,2.413328433,0.52676712,0.0
Blank_5,21.3098293,4.786343858,5.422291643,6.035925471,6.861541894,3.927256499,0.468593105,0.323552382,6.024768493,0.033470936,2.008256164,0.635947785,2.019413143,1.718174718,1.305366507,0.122726766,2.633046971,0.189668638,3.291308714,2.142139909,0.0,1.138011826,1.071069954,0.725203615,1.160325784,0.0
Pectin_8,15.88994947,2.821448624,0.561482313,2.274003369,13.55979787,2.498596294,0.294778214,1.979225154,2.358225716,0.042111173,0.0,1.403705783,5.320044919,0.64570466,6.779898933,1.1650758,5.516563728,3.425042111,0.0,3.537338574,0.0,0.098259405,2.105558675,0.926445817,2.161706906,0.0
FOS_5,25.73659028,7.101485772,3.626290607,10.12339461,8.02064971,4.243263662,0.591790481,0.151095442,5.011332158,0.0,0.503651473,0.402921179,1.233946109,3.361873583,0.956937799,0.201460589,1.158398388,0.125912868,3.147821707,1.019894233,0.0,1.397632838,0.453286326,0.352556031,0.591790481,0.0
Glucan_8,11.07347577,1.719645649,12.31109953,2.449192288,2.592496092,0.781657113,0.09119333,0.208441897,1.003126628,21.80823345,0.0,0.846795206,2.918186555,0.429911412,2.540385618,0.99009901,0.338718082,3.986451277,0.0,2.149557061,0.0,0.026055237,2.214695154,0.221469515,3.269932256,0.0
Pectin_4,3.420712355,9.145409663,2.327495004,4.208299048,3.667567885,6.394733749,1.998354296,1.104972376,1.387092982,0.22334548,0.0,2.550840484,2.856471141,2.033619372,5.278006348,6.006817915,0.752321617,0.705301516,0.0,2.057129423,5.348536499,0.940402022,1.09321735,0.211590455,0.470201011,0.0
Blank_9,7.483598354,4.681418881,8.90692761,5.871233181,0.0,4.403424886,0.0,0.700544868,1.067496942,0.0,6.238185255,0.745023907,2.301790281,1.523407094,0.0,0.0,1.356610697,2.001556766,1.545646614,1.679083732,0.0,2.424107639,4.281107528,2.123874124,5.504281108,0.0
Pectin_6,12.77455868,3.099312761,1.886538202,1.913488748,6.117773885,4.002156044,3.570947312,0.471634551,2.735480393,0.148228002,2.506400755,3.692224768,2.129093114,0.768090554,0.431208732,3.004985851,9.729147015,0.498585096,2.385123299,2.62767821,0.161703274,0.714189462,1.037596011,1.441854198,0.28298073,8.246866999
RS_6,5.298241581,4.436271693,0.827491093,2.068727732,4.022526146,2.884725894,6.194690265,0.149408114,2.103206528,0.057464659,3.585794736,17.99793127,2.562923802,0.850476957,0.195379841,2.620388461,1.49408114,1.160786117,1.551545799,2.137685324,0.137915182,0.574646592,0.953913343,1.517067004,0.298816228,14.41213654
FOS_10,17.49185668,9.576547231,9.560260586,5.993485342,2.850162866,0.0,9.283387622,7.687296417,0.586319218,0.0,0.0,0.0,0.03257329,0.0,0.0,0.0,0.0,3.338762215,0.0,0.390879479,0.0,7.068403909,0.0,0.211726384,0.0,0.0
Pectin_7,37.50985028,5.253480431,0.0,2.508536906,0.11820331,12.71342264,0.0,8.484370896,6.291042816,0.131337011,2.07512477,0.0,0.0,1.523509325,0.0,2.206461781,4.360388758,1.549776727,0.0,0.144470712,5.463619648,0.0,0.0,0.538481744,0.0,0.0
Pectin_10,27.12374582,6.566332219,3.890746934,3.823857302,7.837235229,0.0,5.016722408,12.72017837,0.590858417,0.0,0.0,0.05574136,0.022296544,0.0,0.0,0.0,0.0,1.917502787,0.0,0.423634337,0.0,2.173913043,0.0,0.245261984,0.0,0.0
RS_7,29.5189099,7.647385984,0.0,4.213014461,0.250278087,8.008898776,0.0,9.357619577,7.38320356,0.264182425,0.0,0.0,0.0,2.544493882,0.0,4.032258065,0.597886541,3.197997775,0.0,0.236373749,7.842046719,0.0,0.069521691,2.405450501,0.0,0.0
FOS_9,10.81250982,7.27644193,13.65707999,6.632091781,0.0,4.934779192,0.0,0.298601289,0.832940437,0.0,4.95049505,0.471475719,0.565770863,5.689140343,0.0,0.0,0.251453717,3.850385039,1.964482163,1.194405155,0.0,3.866100896,1.870187019,1.791607732,3.14317146,0.0
RS_1,11.98464026,3.526677445,1.303556993,3.03152789,3.193209378,2.597008892,12.66168149,0.889248181,4.062247373,0.121261116,3.748989491,9.276475344,1.637025061,1.727970897,1.182295877,2.122069523,0.808407437,0.0,7.113985449,0.858932902,0.151576395,0.0,1.475343573,2.162489895,0.495149555,0.0
Pectin_3,25.55456965,5.146406389,1.120230701,1.386424135,0.987133984,2.750665484,1.142413487,4.35891748,1.053682343,0.022182786,5.412599823,0.698757764,3.227595386,1.242236025,6.166814552,0.0,2.928127773,0.221827862,0.0,2.861579414,0.0,0.166370896,1.15350488,1.308784383,1.275510204,0.0
FOS_1,11.65440304,6.183242345,2.148112984,5.993353905,4.141941609,2.78898647,12.76999763,1.103726561,1.079990506,0.201756468,2.290529314,2.468549727,1.519107524,3.382387847,1.198670781,3.216235462,0.700213624,0.0,11.07286969,0.77142179,0.344172798,0.0,1.898884405,1.649655827,0.593401377,0.0
RS_3,15.6618887,11.47765599,1.791736931,4.02613828,1.06450253,2.919477234,1.148819562,1.16989882,0.864249578,0.10539629,9.064080944,0.927487352,3.330522766,1.3806914,2.930016863,0.0,0.168634064,0.727234401,0.0,3.720489039,0.0,0.569139966,0.916947723,2.729763912,1.90767285,0.0
FOS_1,12.26723525,5.330490405,2.388059701,5.444207534,3.781094527,3.02771855,12.46624023,1.137171286,0.92395167,0.298507463,2.217484009,2.985074627,1.506751955,3.127221038,1.32196162,3.937455579,0.966595593,0.0,12.06823028,0.625444208,0.383795309,0.0,1.563610519,1.620469083,0.426439232,0.0
RS_9,10.12216405,9.822986786,10.33408128,4.923959112,0.0,3.615058589,0.0,1.159311892,1.221640489,0.0,10.02243829,0.498628771,0.972326103,1.994515084,0.0,0.0,0.373971578,2.692595363,2.443280977,1.358763401,0.0,3.290949888,1.819995014,1.857392172,3.103964099,0.0
RS_5,18.75136433,5.533726261,7.127264789,6.057629339,7.443789566,4.180309976,2.706832569,0.611220258,6.854398603,0.0,0.796769264,0.349268719,1.135123336,2.368478498,1.669941061,0.141890417,1.20061122,0.316524776,3.230735647,1.495306702,0.0,3.743724078,0.567561668,2.357563851,0.654878847,0.0
Blank_5,22.67454124,3.944315545,5.874288125,6.317232651,6.538704915,4.039232229,0.548407509,0.400759333,5.884834423,0.137101877,1.92997258,0.66441679,1.782324404,1.476481755,1.455389158,0.168740772,2.278000422,0.126555579,3.13225058,2.267454124,0.0,1.054629825,1.117907614,0.78042607,1.139000211,0.0
FOS_2,6.385745871,7.036025491,1.443620757,6.320717909,8.297567954,2.288984263,8.180517623,10.53452985,1.716738197,0.091039147,0.637274028,1.196514501,1.35258161,8.687735726,1.872805306,2.783196775,0.871374691,1.339576018,0.0,1.157497724,2.43204578,4.877097152,0.598257251,1.378592795,0.05202237,0.0
Blank_5,22.52675257,4.018344617,5.776370387,5.983839266,7.632670889,3.690762175,0.469534833,0.3712601,6.464293514,0.054597074,1.965494649,0.535051321,2.118366456,1.015505569,1.244813278,0.20746888,2.413190653,0.120113562,2.959161389,1.867219917,0.0,1.113780301,0.928150251,0.644245468,1.244813278,0.0
RS_2,4.648622406,3.823279524,2.257555529,3.738317757,5.765262775,2.597402597,20.31799976,5.910911518,6.906177934,0.060686977,0.837480277,2.791600922,1.335113485,3.932516082,1.687097949,1.626410972,0.485495813,1.905571064,0.0,0.995266416,1.274426508,2.767326132,0.509770603,4.187401384,0.060686977,0.0
Pectin_3,26.5885534,5.137449301,1.487156377,1.746282109,1.013970257,2.929247409,1.025236593,3.954484002,0.844975214,0.056331681,5.002253267,0.822442542,2.737719694,1.250563317,6.894997747,0.0,2.151870212,0.304191077,0.0,2.816584047,0.0,0.23659306,0.890040559,1.487156377,1.430824696,0.0
FOS_5,26.01401362,6.829172012,3.375111023,10.25362676,7.15484062,3.809335833,0.661205961,0.266456133,4.618572979,0.0,0.414487319,0.355274845,1.065824534,3.493535972,0.93753084,0.088818711,1.519786835,0.128293694,3.947498273,1.273068193,0.0,1.203986973,0.463831047,0.532912267,0.661205961,0.0
FOS_5,26.35285832,6.550064562,3.838478695,10.13029698,7.125249442,4.542786712,0.457800211,0.281723207,4.695386782,0.0,0.434323277,0.375630943,1.056462026,3.368940016,0.903861956,0.234769339,1.420354502,0.15260007,3.826740228,1.490785303,0.0,1.103415894,0.53996948,0.704308017,0.610400282,0.0
Blank_3,11.63437655,6.696472926,4.053651267,2.771982116,1.510183805,2.742175857,1.947342275,0.824639841,0.755091903,0.119225037,9.13065077,2.016890214,4.500745156,1.32141083,3.328365623,0.0,0.407352211,0.248385494,0.0,3.48733234,0.0,0.556383507,1.609538003,2.285146547,2.742175857,0.0
Glucan_8,9.72648105,1.717159328,12.05691157,2.44081933,2.833312891,0.760456274,0.134919661,0.29437017,1.385992886,22.80142279,0.0,0.919906783,3.311664418,0.355697289,2.379492211,1.079357292,0.29437017,3.802281369,0.0,1.619035938,0.049061695,0.036796271,2.072856617,0.343431866,3.054090519,0.0
Pectin_1,22.7943662,2.287323944,1.746478873,2.625352113,6.985915493,3.729577465,5.442253521,1.036619718,1.464788732,0.078873239,1.002816901,2.692957746,1.622535211,1.442253521,1.994366197,1.126760563,8.61971831,0.0,10.29859155,0.890140845,0.078873239,0.0,2.050704225,1.633802817,0.653521127,0.0
Blank_7,25.95857206,5.450271779,0.0,6.199500514,0.088144557,8.505949758,0.0,5.744086969,4.862641399,0.470104304,2.321140003,0.029381519,0.0,1.131188482,0.058763038,4.612898487,1.307477597,1.043043925,0.0,1.028353166,11.13559571,0.0,0.029381519,0.89613633,0.073453798,0.0
Pectin_5,31.29711752,4.356984479,3.580931264,3.869179601,11.36363636,5.210643016,0.354767184,0.742793792,5.465631929,0.0,0.753880266,0.410199557,1.130820399,1.862527716,1.274944568,0.144124169,3.015521064,0.099778271,3.625277162,1.385809313,0.0,0.509977827,0.654101996,0.676274945,0.731707317,0.0
Pectin_1,22.67592497,2.166027568,1.896569593,2.487304384,6.000621826,3.699865271,5.907347912,1.181469582,1.440563789,0.176184061,1.057104363,2.321484092,1.181469582,1.378381179,1.865478288,0.984557985,9.44139289,0.0,10.10467406,0.756555083,0.06218261,0.0,1.948388434,1.79293191,0.673644937,0.0
Glucan_8,10.46637744,2.087852495,11.98481562,2.481019523,2.72505423,1.030368764,0.054229935,0.298264642,1.287960954,21.65130152,0.0,0.935466377,2.874186551,0.32537961,2.711496746,1.165943601,0.311822126,4.419739696,0.0,1.92516269,0.054229935,0.054229935,1.694685466,0.352494577,2.969088937,0.0
Glucan_3,6.64556962,4.957805907,7.658227848,2.23628692,1.012658228,2.151898734,1.392405063,0.464135021,0.907172996,7.130801688,7.130801688,1.308016878,4.303797468,0.738396624,3.860759494,0.0,0.421940928,0.675105485,0.0,3.05907173,0.0,0.189873418,1.371308017,1.012658228,2.215189873,0.0
FOS_10,17.53409407,8.975786251,9.810743112,6.248260507,2.838853326,0.0,7.403284164,7.528527693,0.556637907,0.0,0.0,0.097411634,0.027831895,0.027831895,0.0,0.0,0.0,3.437239076,0.0,0.445310326,0.0,6.498747565,0.027831895,0.153075424,0.0,0.0
RS_3,14.6070048,11.08117606,2.085041584,3.806957948,0.83167389,2.85814689,2.612158838,1.171371676,0.901956191,0.058568584,8.996134473,0.855101324,2.811292023,1.370504861,3.373550428,0.0,0.105423451,0.679395572,0.0,3.65467963,0.0,0.714536723,1.054234509,4.158369451,2.049900433,0.0
RS_6,4.87931482,4.399169478,1.193874903,1.985465871,3.594601609,2.751103037,8.344147418,0.051907604,2.180119387,0.051907604,3.620555411,18.86841422,2.180119387,0.921359979,0.246561121,2.582403322,1.232805606,1.038152089,1.219828705,2.374772904,0.077861407,0.726706462,0.843498573,1.297690112,0.259538022,13.36620815
Glucan_3,6.814701378,5.915007657,8.307810107,2.277947933,1.033690658,2.258805513,1.569678407,0.325421133,0.842266462,7.235834609,6.680704441,1.282542113,4.575038285,1.397396631,3.751914242,0.0,0.363705972,0.574272588,0.0,2.775650842,0.0,0.267993874,0.995405819,1.225114855,1.856814701,0.0
RS_8,8.135670906,3.093846683,1.352125587,4.468889653,5.293915435,2.154233986,0.148962988,1.111493067,2.612581643,0.057293457,0.0,1.970894924,3.139681448,0.48126504,3.930331156,3.918872465,0.412512891,6.806462702,0.0,3.15114014,0.022917383,0.148962988,1.546923341,1.122951759,2.268820901,0.0
FOS_9,10.47227926,6.59650924,12.80800821,6.660677618,0.0,4.915297741,0.0,0.372176591,0.821355236,0.0,6.211498973,0.449178645,0.885523614,5.531314168,0.0,0.0,0.256673511,3.439425051,2.002053388,0.911190965,0.0,4.581622177,2.348562628,1.809548255,3.619096509,0.0
FOS_6,11.11575865,8.125065356,1.160723622,2.948865419,4.506953885,3.576283593,6.535605981,0.062741817,2.143678762,0.261424239,5.029802363,4.454669037,1.673115131,1.673115131,0.345079996,3.586740563,1.652201192,0.941127261,1.369863014,2.561957545,0.365993935,2.384189062,0.815643626,1.265293318,0.261424239,7.957753843
Glucan_2,4.214774128,3.676717857,16.62369689,5.077906064,4.41654523,1.972872996,2.903261966,10.02129806,3.116242574,4.539849793,0.33628517,2.006501513,1.995292008,5.190001121,2.970519,1.042484026,0.67257034,2.320367672,0.0,0.85192243,1.715054366,2.71270037,0.739827374,0.93038897,0.156933079,0.0
Pectin_5,30.62289379,4.022176324,4.054788564,4.174366779,10.79465159,5.6419176,0.347863898,0.663115556,5.728883574,0.043482987,1.043591695,0.260897924,1.217523644,1.761060985,1.597999783,0.076095228,2.674203718,0.043482987,3.402543755,1.565387542,0.0,0.510925101,0.434829873,0.782693771,0.695727796,0.0
Blank_4,2.117874864,4.973980395,1.972649159,4.501996853,3.95740046,6.789301706,0.907660656,0.968171366,1.633789181,0.242042842,0.0,5.107103957,5.482270362,1.887934164,3.763766187,5.095001815,1.16180564,0.677719956,0.0,3.182863367,4.380975433,0.520392109,1.948444875,0.205736415,0.798741377,0.0
Glucan_1,5.181612969,1.775087215,25.4668582,2.472809358,2.175251385,1.99056023,3.386004515,0.933716396,1.005540735,17.44305356,1.015801354,2.719064231,2.134208906,2.216293864,0.666940283,1.005540735,1.087625693,0.0,3.406525754,0.677200903,0.092345578,0.0,1.518571722,1.477529243,0.851631439,0.0
Glucan_4,1.415477434,2.192829795,22.74045713,2.413273002,2.401670727,3.851954983,0.034806822,0.266852303,0.939784198,19.86309317,0.0,2.43647755,4.084000464,1.218238775,2.633716208,2.680125305,0.580113702,1.160227405,0.0,1.693932011,2.970182156,0.197238659,0.812159183,0.174034111,0.556909154,0.0
RS_4,2.484599589,7.207392197,2.238193018,2.813141684,3.367556468,6.386036961,5.708418891,0.698151951,3.223819302,0.184804928,0.0,3.757700205,3.141683778,1.252566735,4.188911704,4.373716632,0.67761807,1.35523614,0.0,2.936344969,3.40862423,1.067761807,0.924024641,0.739219713,0.616016427,0.0
RS_2,4.41078783,4.251361764,1.913112794,3.308090873,6.350471635,2.471104026,21.30995084,5.207918161,7.732164209,0.039856517,1.142553474,2.829812674,1.15583898,4.118506709,1.833399761,1.208981002,0.531420221,2.33824897,0.0,0.929985386,1.288694035,3.029095257,0.571276737,3.547229972,0.092998539,0.0
Blank_7,25.95945946,4.837837838,0.0,5.121621622,0.162162162,9.432432432,0.0,5.648648649,5.189189189,0.432432432,3.027027027,0.054054054,0.0,1.175675676,0.0,4.824324324,1.27027027,0.662162162,0.0,0.716216216,12.0,0.0,0.0,0.810810811,0.0,0.027027027
FOS_9,10.54304973,7.210988172,12.93399466,6.079104667,0.0,4.807325448,0.0,0.356098181,0.623171817,0.0,5.888337785,0.381533766,0.648607402,5.328754928,0.0,0.0,0.330662597,3.07770571,1.996693374,0.92839883,0.0,4.489380644,2.772478698,1.678748569,3.777184281,0.0
Pectin_9,27.34449435,3.593303389,3.348305431,2.844698516,0.0,7.894378658,0.0,2.626922553,3.062474479,0.0,2.518034572,0.285830951,0.789437866,1.29304478,0.0,0.0,4.791071186,0.925547843,2.055260651,2.341091602,0.0,1.497209745,2.041649653,1.020824826,2.858309514,0.0
Blank_1,13.88433622,3.512058066,1.720908452,3.394989464,3.828143292,2.833060173,7.305080777,0.479981269,1.05361742,0.351205807,1.744322173,5.127604776,2.364785764,2.083821119,1.322875205,1.955045657,2.025286818,0.0,12.08147975,0.796066495,0.199016624,0.0,2.528681808,1.720908452,1.182392882,0.0
Glucan_10,17.96701369,6.328225523,14.78535501,3.228447772,1.251608375,0.0,1.579132062,2.807345888,1.13463563,0.0,0.0,0.058486373,0.093578196,0.0,0.0,0.0,0.0,5.556205404,0.0,0.280734589,0.0,2.748859516,0.023394549,0.362615511,0.0,0.0
FOS_2,6.583506584,7.657657658,1.18965119,6.93000693,8.616308616,2.737352737,7.161007161,9.54030954,1.767151767,0.15015015,0.462000462,1.155001155,1.709401709,8.292908293,1.593901594,2.517902518,0.993300993,1.547701548,0.0,1.201201201,3.118503119,4.723954724,0.496650497,1.235851236,0.057750058,0.0
Blank_10,25.27251185,7.156398104,4.099526066,4.952606635,3.55450237,0.0,7.867298578,4.194312796,0.438388626,0.0,0.023696682,0.201421801,0.071090047,0.0,0.0,0.035545024,0.0,2.168246445,0.0,0.450236967,0.0,3.838862559,0.059241706,0.142180095,0.0,0.0
RS_7,26.5746774,7.448575444,0.0,4.037306759,0.166091734,10.14437205,0.0,8.662322729,6.988629104,0.281078319,0.0,0.0,0.0,2.210297687,0.0,4.267279928,0.383288616,3.602912993,0.0,0.22997317,8.394020698,0.0,0.051105149,2.440270857,0.0,0.0
Pectin_7,38.81509345,5.383801575,0.0,2.738920889,0.152815329,13.47125896,0.0,8.510638298,5.419066651,0.270365581,1.927824145,0.0,0.0,1.528153286,0.0,2.16292465,4.290584225,1.387092982,0.0,0.117550253,5.301516398,0.0,0.011755025,0.811096744,0.0,0.0
Blank_1,14.08915006,3.425541063,1.863265014,3.353877025,4.2281783,2.737566289,7.166403899,0.401318618,1.30428551,0.444317042,1.56227605,4.342840763,2.40791171,1.992260284,1.347283933,1.891930629,1.891930629,0.0,12.82786298,0.888634083,0.100329655,0.0,2.694567866,1.777268167,1.232621471,0.0
Blank_6,8.035714286,2.302631579,1.018170426,2.459273183,6.124686717,4.213659148,3.367794486,0.0,2.130325815,0.031328321,3.978696742,7.722431078,3.007518797,0.908521303,0.328947368,3.305137845,2.866541353,0.422932331,2.052005013,2.161654135,0.234962406,0.971177945,1.409774436,1.15914787,0.516917293,13.01691729
RS_6,5.330549756,4.634655532,1.169102296,2.115518441,3.910925539,2.922755741,6.569241475,0.194850383,2.14335421,0.027835769,3.716075157,17.29993041,2.54697286,0.918580376,0.097425191,2.602644398,1.252609603,0.974251914,0.821155184,1.670146138,0.111343076,0.626304802,1.057759221,1.934585943,0.208768267,14.85038274
Blank_4,2.239424938,6.054741498,1.71412773,4.75532209,4.506497097,7.188277578,0.995299972,0.718827758,1.90765828,0.19353055,0.0,4.893558197,5.529444291,1.880011059,4.340613768,4.478849876,0.912358308,0.608238872,0.0,2.626486038,4.810616533,0.829416644,2.101188831,0.165883329,0.552944429,0.0
Blank_8,8.706120897,4.10594348,1.07717653,3.523000887,4.359396781,2.205043721,0.646305918,1.07717653,2.090989735,0.354834622,0.0,2.800658979,5.335191991,0.405525282,4.334051451,2.07831707,1.0518312,3.890508174,0.0,3.332910911,0.10138132,0.164744646,3.396274236,0.557597263,5.816753263,0.0
Pectin_1,23.1608819,2.073783017,2.073783017,2.543112857,6.799825366,3.405370007,5.686531325,0.829513207,1.364330932,0.130975769,1.069635451,3.197991705,1.37524558,1.397074874,1.80091683,1.047806156,8.917266972,0.0,9.812268064,0.73128138,0.065487885,0.0,1.97555119,1.080550098,0.611220258,0.0
RS_10,20.98439376,6.950780312,5.966386555,4.165666267,5.714285714,0.0,14.3937575,8.451380552,0.396158463,0.0,0.0,0.06002401,0.0,0.0,0.0,0.0,0.0,3.337334934,0.0,0.216086435,0.0,3.56542617,0.0,0.348139256,0.0,0.0
RS_9,9.553995925,6.882499434,9.678514829,7.278695947,0.0,3.384650215,0.0,0.837672628,0.611274621,0.0,9.655875028,0.803712927,0.996151234,1.856463663,0.0,0.0,0.260357709,2.954494,1.505546751,1.324428345,0.0,4.799637763,2.286619878,2.728095993,3.203531809,0.0
FOS_6,8.032360589,9.029182317,1.155735337,3.770586536,4.65183473,3.929500144,7.338919387,0.014446692,2.239237215,0.101126842,5.807570066,4.680728113,1.531349321,1.834729847,0.216700376,3.683906385,1.545796013,0.866801502,0.621207743,2.802658191,0.50563421,2.629297891,0.837908119,0.650101127,0.245593759,9.144755851
FOS_10,16.32389083,9.597723451,9.597723451,6.777907127,3.156124693,0.0,9.481309016,7.321174492,0.362178243,0.0,0.0,0.064674686,0.0,0.0,0.0,0.0,0.0,3.285474065,0.0,0.556202302,0.0,6.700297504,0.038804812,0.206958996,0.0,0.0
FOS_4,7.6434619,5.091721543,1.846190028,2.833960489,5.244590781,8.337253057,0.964252117,1.234713076,1.752116651,0.070555033,0.0,2.822201317,3.598306679,0.729068674,6.502822201,3.563029163,7.631702728,0.59971778,0.0,2.669332079,2.539981185,0.305738476,0.870178739,0.223424271,0.529162747,0.0
Pectin_7,38.16058394,5.927007299,0.0,2.759124088,0.02919708,13.02189781,0.0,8.131386861,5.605839416,0.145985401,2.0,0.0,0.0,1.547445255,0.0,2.248175182,4.058394161,1.372262774,0.0,0.131386861,5.474452555,0.0,0.0,0.729927007,0.0,0.0
FOS_7,33.50936753,4.853514397,0.0,5.771407016,0.289199044,10.86382497,0.0,6.47554382,3.256632717,0.289199044,0.062869357,0.0,0.0,2.640513014,0.0,4.903809883,0.565824217,2.539922042,0.0,0.188608072,12.12121212,0.0,0.0,0.389790016,0.0,0.0
RS_5,18.61696261,5.194661961,7.720304401,6.110069483,7.014447998,3.793978163,3.187382817,0.529392302,7.521782287,0.0,0.882320503,0.562479321,1.058784604,2.205801257,1.731553987,0.08823205,1.169074666,0.319841182,2.856512628,1.301422742,0.0,3.760891144,0.452189258,2.415352377,0.827175471,0.0
Glucan_9,4.793934206,4.891769598,27.69964535,4.671639966,0.0,3.375321022,0.0,0.158982512,2.714932127,0.0,3.130732542,0.317965024,1.650972239,2.042313807,0.0,0.0,0.403570992,2.115690351,0.342423872,1.504219151,0.0,1.687660511,2.409196527,1.577595695,3.632138926,0.0
Blank_1,13.73555841,3.477652001,1.820515813,3.676041545,3.886101062,2.649083907,7.247053332,0.303419302,1.272027074,0.338429222,1.715486054,4.364569961,2.345664605,2.193954954,1.447076672,2.287314739,2.077255222,0.0,11.61162329,0.933597853,0.151709651,0.0,2.322324659,1.937215544,1.248687128,0.0
Pectin_8,16.61965719,3.026686917,0.488175309,2.440876546,11.71620742,2.722933391,0.477326969,1.865914515,2.798871773,0.043393361,0.0,1.475374268,4.382729442,0.640052072,6.682577566,0.715990453,4.957691473,4.25254936,0.0,3.362985463,0.02169668,0.043393361,1.692341072,1.323497505,1.931004556,0.0
Glucan_2,4.720976582,4.745889387,16.86596911,4.658694569,3.712007972,1.868460389,2.516193323,9.417040359,2.927254609,3.998505232,0.261584454,1.955655207,1.831091181,5.505729945,3.313403089,1.145989038,0.560538117,2.329347285,0.0,1.332835077,2.291978077,3.139013453,0.859491779,0.685102143,0.236671649,0.0
RS_8,8.711839166,2.419955324,1.054852321,3.809878382,4.939190866,2.444775379,0.235790519,1.030032266,2.196574832,0.024820055,0.0,2.233804914,3.44998759,0.260610573,4.542069993,3.375527426,0.359890792,7.669396873,0.0,2.643335815,0.037230082,0.111690246,1.327872921,2.047654505,2.357905187,0.0
Glucan_9,3.764239723,3.863298663,29.55671124,4.247152055,0.0,2.996532937,0.0,0.14858841,2.439326399,0.0,3.603268945,0.482912333,1.993561169,1.423972263,0.0,0.061911838,0.64388311,2.129767211,0.222882615,1.399207528,0.0,1.374442793,2.426944032,1.733531451,3.603268945,0.0
FOS_3,16.83425235,10.37950049,5.806033085,6.746675316,0.746026597,2.346199589,2.346199589,1.675856849,0.756838577,0.075683858,9.471294194,0.724402638,2.530003244,2.32457563,2.497567305,0.0,0.075683858,0.627094821,0.0,2.357011569,0.0,1.97859228,0.573034923,1.794788626,1.816412585,0.0
RS_4,2.921348315,6.491885144,2.571785268,2.322097378,3.508114856,6.504369538,4.656679151,0.88639201,2.634207241,0.024968789,0.012484395,3.595505618,3.183520599,1.647940075,4.344569288,4.406991261,0.536828964,1.672908864,0.0,2.646691635,3.483146067,1.398252185,1.011235955,0.699126092,0.461922597,0.0
Pectin_3,24.83542789,5.565529623,1.002393776,1.481149013,0.748055057,2.947336924,1.226810293,4.937163375,0.942549372,0.074805506,4.578096948,0.628366248,3.201675643,0.852782765,6.747456613,0.0,3.934769599,0.194494315,0.0,3.081986834,0.0,0.179533214,0.852782765,1.196888091,1.286654698,0.0
Glucan_5,11.3330005,3.632051922,20.29455816,4.780329506,6.128307539,4.16874688,0.411882177,0.012481278,4.056415377,16.58761857,1.410384423,0.636545182,1.347978033,1.784822766,0.748876685,0.174737893,1.123315027,0.149775337,0.087368947,1.485272092,0.0,0.773839241,0.636545182,0.574138792,0.923614578,0.0
RS_2,4.440100531,3.979335381,2.164199944,3.392907009,6.059759844,2.234012846,19.92460207,6.450712092,7.539793354,0.0,1.047193521,2.206087685,1.158894164,3.44875733,1.745322536,1.158894164,0.558503211,2.178162524,0.0,1.117006423,1.535883831,3.155543144,0.614353533,4.007260542,0.097738062,0.0
FOS_8,14.2122113,7.409101303,2.446832838,5.190944432,4.241939172,2.0237823,0.148639378,0.331580151,1.394923394,0.045735193,0.0,3.04139035,2.378230048,2.103818889,4.184770181,4.070432198,0.423050537,7.466270295,0.0,1.909444317,0.240109764,0.491653327,0.960439058,0.365881546,1.772238738,0.0
